"productid","product_name","productdescription","warehouse","country","totalstockonhand","totalstockmovement"
"01ec303d-d9b8-45ac-9952-42b7a94d57f7",Generic Wooden Chips,New range of formal shirts are designed keeping you in mind. With fits and styling that will make you stand apart,SAP1 - Amazon San Paolo,Brasil,728,292
"01ec303d-d9b8-45ac-9952-42b7a94d57f7",Generic Wooden Chips,New range of formal shirts are designed keeping you in mind. With fits and styling that will make you stand apart,ZRH13 - Amazon Zurich,Switzerland,248,98
"01ec303d-d9b8-45ac-9952-42b7a94d57f7",Generic Wooden Chips,New range of formal shirts are designed keeping you in mind. With fits and styling that will make you stand apart,MIS1 - Amazon Mississauga,Canada,289,96
"01ec303d-d9b8-45ac-9952-42b7a94d57f7",Generic Wooden Chips,New range of formal shirts are designed keeping you in mind. With fits and styling that will make you stand apart,LIS3 - Amazon Lisbon,Portugal,745,336
"01ec303d-d9b8-45ac-9952-42b7a94d57f7",Generic Wooden Chips,New range of formal shirts are designed keeping you in mind. With fits and styling that will make you stand apart,CWL1 - Amazon Swansea,United Kingdom,827,278
"01ec303d-d9b8-45ac-9952-42b7a94d57f7",Generic Wooden Chips,New range of formal shirts are designed keeping you in mind. With fits and styling that will make you stand apart,HOU2 - Amazon Houston,United States of America,299,91
"0249bc56-a9a3-4c27-9141-77d2af46c3c4",Licensed Cotton Keyboard,"Boston's most advanced compression wear technology increases muscle oxygenation, stabilizes active muscles",MIA1 - Amazon Miami,United States of America,159,90
"0249bc56-a9a3-4c27-9141-77d2af46c3c4",Licensed Cotton Keyboard,"Boston's most advanced compression wear technology increases muscle oxygenation, stabilizes active muscles",DUB19 - Amazon Dublin,Ireland,696,302
"0249bc56-a9a3-4c27-9141-77d2af46c3c4",Licensed Cotton Keyboard,"Boston's most advanced compression wear technology increases muscle oxygenation, stabilizes active muscles",SYD1 - Amazon Sidney,Australia,352,91
"0249bc56-a9a3-4c27-9141-77d2af46c3c4",Licensed Cotton Keyboard,"Boston's most advanced compression wear technology increases muscle oxygenation, stabilizes active muscles",PHX7 - Amazon Phoenix,United States of America,262,71
"0249bc56-a9a3-4c27-9141-77d2af46c3c4",Licensed Cotton Keyboard,"Boston's most advanced compression wear technology increases muscle oxygenation, stabilizes active muscles",CPT2 - Amazon Capetown,South Africa,789,303
"0249bc56-a9a3-4c27-9141-77d2af46c3c4",Licensed Cotton Keyboard,"Boston's most advanced compression wear technology increases muscle oxygenation, stabilizes active muscles",DUS2 - Amazon Rheinberg,Germany,753,347
"04b0a4ac-88a3-4705-9eba-c8395e388be8",Unbranded Wooden Hat,"The Nagasaki Lander is the trademarked name of several series of Nagasaki sport bikes, that started with the 1984 ABC800J",MAN1 - Amazon Manchester,United Kingdom,843,254
"04b0a4ac-88a3-4705-9eba-c8395e388be8",Unbranded Wooden Hat,"The Nagasaki Lander is the trademarked name of several series of Nagasaki sport bikes, that started with the 1984 ABC800J",ORY1 - Amazon Saran,France,766,305
"04b0a4ac-88a3-4705-9eba-c8395e388be8",Unbranded Wooden Hat,"The Nagasaki Lander is the trademarked name of several series of Nagasaki sport bikes, that started with the 1984 ABC800J",NYC1 - Amazon New York City,United States of America,374,136
"04b0a4ac-88a3-4705-9eba-c8395e388be8",Unbranded Wooden Hat,"The Nagasaki Lander is the trademarked name of several series of Nagasaki sport bikes, that started with the 1984 ABC800J",TKY6 - Amazon Tokyo,Japan,201,82
"04b0a4ac-88a3-4705-9eba-c8395e388be8",Unbranded Wooden Hat,"The Nagasaki Lander is the trademarked name of several series of Nagasaki sport bikes, that started with the 1984 ABC800J",FCO1 - Amazon Passo Corese,Italy,830,336
"04b0a4ac-88a3-4705-9eba-c8395e388be8",Unbranded Wooden Hat,"The Nagasaki Lander is the trademarked name of several series of Nagasaki sport bikes, that started with the 1984 ABC800J",MXC2 - Amazon Mexico City,Mexico,221,98
"076c15d7-56da-41a0-8790-184eeca2c409",Practical Granite Shoes,The Football Is Good For Training And Recreational Purposes,POZ1 - Amazon Sady,Poland,334,108
"076c15d7-56da-41a0-8790-184eeca2c409",Practical Granite Shoes,The Football Is Good For Training And Recreational Purposes,BCN1 - Amazon El Prat de Llobregat,Spain,722,270
"076c15d7-56da-41a0-8790-184eeca2c409",Practical Granite Shoes,The Football Is Good For Training And Recreational Purposes,MRS1 - Amazon Montelimar,France,720,307
"076c15d7-56da-41a0-8790-184eeca2c409",Practical Granite Shoes,The Football Is Good For Training And Recreational Purposes,SAD1 - Amazon San Diego,United States of America,335,88
"076c15d7-56da-41a0-8790-184eeca2c409",Practical Granite Shoes,The Football Is Good For Training And Recreational Purposes,HKG1 - Amazon Hong Kong,Hong Kong,982,308
"076c15d7-56da-41a0-8790-184eeca2c409",Practical Granite Shoes,The Football Is Good For Training And Recreational Purposes,LAS7 - Amazon Las Vegas,United States of America,331,91
"0b90caf9-3a41-46f4-8c2d-d9234bd68e92",Intelligent Cotton Pizza,The slim & simple Maple Gaming Keyboard from Dev Byte comes with a sleek body and 7- Color RGB LED Back-lighting for smart functionality,BER6 - Amazon Berlin,Germany,285,66
"0b90caf9-3a41-46f4-8c2d-d9234bd68e92",Intelligent Cotton Pizza,The slim & simple Maple Gaming Keyboard from Dev Byte comes with a sleek body and 7- Color RGB LED Back-lighting for smart functionality,CHI1 - Amazon Chicago,United States of America,787,256
"0b90caf9-3a41-46f4-8c2d-d9234bd68e92",Intelligent Cotton Pizza,The slim & simple Maple Gaming Keyboard from Dev Byte comes with a sleek body and 7- Color RGB LED Back-lighting for smart functionality,BRX2 - Amazon Bruxelles,Belgium,375,132
"0b90caf9-3a41-46f4-8c2d-d9234bd68e92",Intelligent Cotton Pizza,The slim & simple Maple Gaming Keyboard from Dev Byte comes with a sleek body and 7- Color RGB LED Back-lighting for smart functionality,SHA1 - Amazon Shanghai,China,763,313
"0b90caf9-3a41-46f4-8c2d-d9234bd68e92",Intelligent Cotton Pizza,The slim & simple Maple Gaming Keyboard from Dev Byte comes with a sleek body and 7- Color RGB LED Back-lighting for smart functionality,CGN1 - Amazon Koblenz,Germany,733,337
"0b90caf9-3a41-46f4-8c2d-d9234bd68e92",Intelligent Cotton Pizza,The slim & simple Maple Gaming Keyboard from Dev Byte comes with a sleek body and 7- Color RGB LED Back-lighting for smart functionality,MXP5 - Amazon Castel San Giovanni,Italy,345,100
"0e852d92-6aa1-424a-a4c7-07a0e4d32c17",Handcrafted Concrete Ball,"New ABC 13 9370, 13.3, 5th Gen CoreA5-8250U, 8GB RAM, 256GB SSD, power UHD Graphics, OS 10 Home, OS Office A & J 2016",POZ1 - Amazon Sady,Poland,254,103
"0e852d92-6aa1-424a-a4c7-07a0e4d32c17",Handcrafted Concrete Ball,"New ABC 13 9370, 13.3, 5th Gen CoreA5-8250U, 8GB RAM, 256GB SSD, power UHD Graphics, OS 10 Home, OS Office A & J 2016",BCN1 - Amazon El Prat de Llobregat,Spain,814,336
"0e852d92-6aa1-424a-a4c7-07a0e4d32c17",Handcrafted Concrete Ball,"New ABC 13 9370, 13.3, 5th Gen CoreA5-8250U, 8GB RAM, 256GB SSD, power UHD Graphics, OS 10 Home, OS Office A & J 2016",MRS1 - Amazon Montelimar,France,807,318
"0e852d92-6aa1-424a-a4c7-07a0e4d32c17",Handcrafted Concrete Ball,"New ABC 13 9370, 13.3, 5th Gen CoreA5-8250U, 8GB RAM, 256GB SSD, power UHD Graphics, OS 10 Home, OS Office A & J 2016",SAD1 - Amazon San Diego,United States of America,210,108
"0e852d92-6aa1-424a-a4c7-07a0e4d32c17",Handcrafted Concrete Ball,"New ABC 13 9370, 13.3, 5th Gen CoreA5-8250U, 8GB RAM, 256GB SSD, power UHD Graphics, OS 10 Home, OS Office A & J 2016",HKG1 - Amazon Hong Kong,Hong Kong,766,239
"0e852d92-6aa1-424a-a4c7-07a0e4d32c17",Handcrafted Concrete Ball,"New ABC 13 9370, 13.3, 5th Gen CoreA5-8250U, 8GB RAM, 256GB SSD, power UHD Graphics, OS 10 Home, OS Office A & J 2016",LAS7 - Amazon Las Vegas,United States of America,232,77
"117b14f7-5962-457b-b0da-aa093bba8411",Electronic Soft Chair,Ergonomic executive chair upholstered in bonded black leather and PVC padded seat and back for all-day comfort and support,BER3 - Amazon Brieselang,Germany,273,67
"117b14f7-5962-457b-b0da-aa093bba8411",Electronic Soft Chair,Ergonomic executive chair upholstered in bonded black leather and PVC padded seat and back for all-day comfort and support,BVA1 - Amazon Boves,France,773,275
"117b14f7-5962-457b-b0da-aa093bba8411",Electronic Soft Chair,Ergonomic executive chair upholstered in bonded black leather and PVC padded seat and back for all-day comfort and support,WEL1 - Amazon Wels,Austria,284,110
"117b14f7-5962-457b-b0da-aa093bba8411",Electronic Soft Chair,Ergonomic executive chair upholstered in bonded black leather and PVC padded seat and back for all-day comfort and support,BUE1 - Amazon Buenos Aires,Argentina,688,242
"117b14f7-5962-457b-b0da-aa093bba8411",Electronic Soft Chair,Ergonomic executive chair upholstered in bonded black leather and PVC padded seat and back for all-day comfort and support,BOG2 - Amazon Bogota,Columbia,290,95
"117b14f7-5962-457b-b0da-aa093bba8411",Electronic Soft Chair,Ergonomic executive chair upholstered in bonded black leather and PVC padded seat and back for all-day comfort and support,CPN3 - Amazon Copenaghen,Denmark,671,243
"11b50a0b-d95e-401c-b0cb-3b31df69c87f",Ergonomic Concrete Chair,"Boston's most advanced compression wear technology increases muscle oxygenation, stabilizes active muscles",BER6 - Amazon Berlin,Germany,749,236
"11b50a0b-d95e-401c-b0cb-3b31df69c87f",Ergonomic Concrete Chair,"Boston's most advanced compression wear technology increases muscle oxygenation, stabilizes active muscles",NDH1  - Amazon New Delhi,India,205,77
"11b50a0b-d95e-401c-b0cb-3b31df69c87f",Ergonomic Concrete Chair,"Boston's most advanced compression wear technology increases muscle oxygenation, stabilizes active muscles",BRX2 - Amazon Bruxelles,Belgium,741,281
"11b50a0b-d95e-401c-b0cb-3b31df69c87f",Ergonomic Concrete Chair,"Boston's most advanced compression wear technology increases muscle oxygenation, stabilizes active muscles",DBA1 - Amazon Dubai,Emirates United States,316,133
"11b50a0b-d95e-401c-b0cb-3b31df69c87f",Ergonomic Concrete Chair,"Boston's most advanced compression wear technology increases muscle oxygenation, stabilizes active muscles",TOR1 - Amazon Toronto,Canada,280,138
"11b50a0b-d95e-401c-b0cb-3b31df69c87f",Ergonomic Concrete Chair,"Boston's most advanced compression wear technology increases muscle oxygenation, stabilizes active muscles",MXP5 - Amazon Castel San Giovanni,Italy,639,326
"1297320b-9e91-4781-8fda-51d63662c774",Unbranded Soft Pants,Carbonite web goalkeeper gloves are ergonomically designed to give easy fit,CAI1 - Amazon El Cairo,Egypt,229,101
"1297320b-9e91-4781-8fda-51d63662c774",Unbranded Soft Pants,Carbonite web goalkeeper gloves are ergonomically designed to give easy fit,MIA1 - Amazon Miami,United States of America,922,320
"1297320b-9e91-4781-8fda-51d63662c774",Unbranded Soft Pants,Carbonite web goalkeeper gloves are ergonomically designed to give easy fit,SYD1 - Amazon Sidney,Australia,754,274
"1297320b-9e91-4781-8fda-51d63662c774",Unbranded Soft Pants,Carbonite web goalkeeper gloves are ergonomically designed to give easy fit,SVQ1 - Amazon Sevilla,Spain,418,110
"1297320b-9e91-4781-8fda-51d63662c774",Unbranded Soft Pants,Carbonite web goalkeeper gloves are ergonomically designed to give easy fit,PHX7 - Amazon Phoenix,United States of America,782,242
"1297320b-9e91-4781-8fda-51d63662c774",Unbranded Soft Pants,Carbonite web goalkeeper gloves are ergonomically designed to give easy fit,DEH8 - Amazon Den Haag,Netherlands,295,68
"13b92146-d8a7-44ed-acd8-22f77f0d5fee",Refined Rubber Pizza,"Andy shoes are designed to keeping in mind durability as well as trends, the most stylish range of shoes & sandals",NDH1  - Amazon New Delhi,India,765,263
"13b92146-d8a7-44ed-acd8-22f77f0d5fee",Refined Rubber Pizza,"Andy shoes are designed to keeping in mind durability as well as trends, the most stylish range of shoes & sandals",BVA1 - Amazon Boves,France,221,61
"13b92146-d8a7-44ed-acd8-22f77f0d5fee",Refined Rubber Pizza,"Andy shoes are designed to keeping in mind durability as well as trends, the most stylish range of shoes & sandals",DBA1 - Amazon Dubai,Emirates United States,948,280
"13b92146-d8a7-44ed-acd8-22f77f0d5fee",Refined Rubber Pizza,"Andy shoes are designed to keeping in mind durability as well as trends, the most stylish range of shoes & sandals",BUE1 - Amazon Buenos Aires,Argentina,337,109
"13b92146-d8a7-44ed-acd8-22f77f0d5fee",Refined Rubber Pizza,"Andy shoes are designed to keeping in mind durability as well as trends, the most stylish range of shoes & sandals",TOR1 - Amazon Toronto,Canada,766,282
"13b92146-d8a7-44ed-acd8-22f77f0d5fee",Refined Rubber Pizza,"Andy shoes are designed to keeping in mind durability as well as trends, the most stylish range of shoes & sandals",CPN3 - Amazon Copenaghen,Denmark,264,130
"144e5a05-788b-4880-9ac4-ffa2065ab07c",Gorgeous Metal Fish,"New ABC 13 9370, 13.3, 5th Gen CoreA5-8250U, 8GB RAM, 256GB SSD, power UHD Graphics, OS 10 Home, OS Office A & J 2016",MIA1 - Amazon Miami,United States of America,208,89
"144e5a05-788b-4880-9ac4-ffa2065ab07c",Gorgeous Metal Fish,"New ABC 13 9370, 13.3, 5th Gen CoreA5-8250U, 8GB RAM, 256GB SSD, power UHD Graphics, OS 10 Home, OS Office A & J 2016",DUB19 - Amazon Dublin,Ireland,775,310
"144e5a05-788b-4880-9ac4-ffa2065ab07c",Gorgeous Metal Fish,"New ABC 13 9370, 13.3, 5th Gen CoreA5-8250U, 8GB RAM, 256GB SSD, power UHD Graphics, OS 10 Home, OS Office A & J 2016",SYD1 - Amazon Sidney,Australia,248,94
"144e5a05-788b-4880-9ac4-ffa2065ab07c",Gorgeous Metal Fish,"New ABC 13 9370, 13.3, 5th Gen CoreA5-8250U, 8GB RAM, 256GB SSD, power UHD Graphics, OS 10 Home, OS Office A & J 2016",PHX7 - Amazon Phoenix,United States of America,268,136
"144e5a05-788b-4880-9ac4-ffa2065ab07c",Gorgeous Metal Fish,"New ABC 13 9370, 13.3, 5th Gen CoreA5-8250U, 8GB RAM, 256GB SSD, power UHD Graphics, OS 10 Home, OS Office A & J 2016",CPT2 - Amazon Capetown,South Africa,855,298
"144e5a05-788b-4880-9ac4-ffa2065ab07c",Gorgeous Metal Fish,"New ABC 13 9370, 13.3, 5th Gen CoreA5-8250U, 8GB RAM, 256GB SSD, power UHD Graphics, OS 10 Home, OS Office A & J 2016",DUS2 - Amazon Rheinberg,Germany,864,236
"196175ad-1007-469c-bc7f-7ad084f88e17",Small Fresh Tuna,"Boston's most advanced compression wear technology increases muscle oxygenation, stabilizes active muscles",POZ1 - Amazon Sady,Poland,322,95
"196175ad-1007-469c-bc7f-7ad084f88e17",Small Fresh Tuna,"Boston's most advanced compression wear technology increases muscle oxygenation, stabilizes active muscles",BCN1 - Amazon El Prat de Llobregat,Spain,943,278
"196175ad-1007-469c-bc7f-7ad084f88e17",Small Fresh Tuna,"Boston's most advanced compression wear technology increases muscle oxygenation, stabilizes active muscles",MRS1 - Amazon Montelimar,France,863,339
"196175ad-1007-469c-bc7f-7ad084f88e17",Small Fresh Tuna,"Boston's most advanced compression wear technology increases muscle oxygenation, stabilizes active muscles",SAD1 - Amazon San Diego,United States of America,231,49
"196175ad-1007-469c-bc7f-7ad084f88e17",Small Fresh Tuna,"Boston's most advanced compression wear technology increases muscle oxygenation, stabilizes active muscles",HKG1 - Amazon Hong Kong,Hong Kong,777,269
"196175ad-1007-469c-bc7f-7ad084f88e17",Small Fresh Tuna,"Boston's most advanced compression wear technology increases muscle oxygenation, stabilizes active muscles",LAS7 - Amazon Las Vegas,United States of America,298,109
"1a8a892b-2c85-4a71-8c90-d86ebaa56ec1",Handcrafted Plastic Shoes,The beautiful range of Apple Naturalé that has an exciting mix of natural ingredients. With the Goodness of 100% Natural Ingredients,MAN1 - Amazon Manchester,United Kingdom,918,301
"1a8a892b-2c85-4a71-8c90-d86ebaa56ec1",Handcrafted Plastic Shoes,The beautiful range of Apple Naturalé that has an exciting mix of natural ingredients. With the Goodness of 100% Natural Ingredients,ORY1 - Amazon Saran,France,743,289
"1a8a892b-2c85-4a71-8c90-d86ebaa56ec1",Handcrafted Plastic Shoes,The beautiful range of Apple Naturalé that has an exciting mix of natural ingredients. With the Goodness of 100% Natural Ingredients,NYC1 - Amazon New York City,United States of America,367,116
"1a8a892b-2c85-4a71-8c90-d86ebaa56ec1",Handcrafted Plastic Shoes,The beautiful range of Apple Naturalé that has an exciting mix of natural ingredients. With the Goodness of 100% Natural Ingredients,TKY6 - Amazon Tokyo,Japan,310,63
"1a8a892b-2c85-4a71-8c90-d86ebaa56ec1",Handcrafted Plastic Shoes,The beautiful range of Apple Naturalé that has an exciting mix of natural ingredients. With the Goodness of 100% Natural Ingredients,FCO1 - Amazon Passo Corese,Italy,815,326
"1a8a892b-2c85-4a71-8c90-d86ebaa56ec1",Handcrafted Plastic Shoes,The beautiful range of Apple Naturalé that has an exciting mix of natural ingredients. With the Goodness of 100% Natural Ingredients,MXC2 - Amazon Mexico City,Mexico,253,95
"1a9f3c62-5ca9-42f0-87c8-379c49784907",Electronic Metal Table,"Andy shoes are designed to keeping in mind durability as well as trends, the most stylish range of shoes & sandals",BER3 - Amazon Brieselang,Germany,306,96
"1a9f3c62-5ca9-42f0-87c8-379c49784907",Electronic Metal Table,"Andy shoes are designed to keeping in mind durability as well as trends, the most stylish range of shoes & sandals",BVA1 - Amazon Boves,France,863,335
"1a9f3c62-5ca9-42f0-87c8-379c49784907",Electronic Metal Table,"Andy shoes are designed to keeping in mind durability as well as trends, the most stylish range of shoes & sandals",WEL1 - Amazon Wels,Austria,257,86
"1a9f3c62-5ca9-42f0-87c8-379c49784907",Electronic Metal Table,"Andy shoes are designed to keeping in mind durability as well as trends, the most stylish range of shoes & sandals",BUE1 - Amazon Buenos Aires,Argentina,834,255
"1a9f3c62-5ca9-42f0-87c8-379c49784907",Electronic Metal Table,"Andy shoes are designed to keeping in mind durability as well as trends, the most stylish range of shoes & sandals",BOG2 - Amazon Bogota,Columbia,354,139
"1a9f3c62-5ca9-42f0-87c8-379c49784907",Electronic Metal Table,"Andy shoes are designed to keeping in mind durability as well as trends, the most stylish range of shoes & sandals",CPN3 - Amazon Copenaghen,Denmark,778,337
"1be304fb-5d3d-4344-9755-ea18bbe9fe6a",Handcrafted Steel Chicken,The Football Is Good For Training And Recreational Purposes,BER6 - Amazon Berlin,Germany,709,270
"1be304fb-5d3d-4344-9755-ea18bbe9fe6a",Handcrafted Steel Chicken,The Football Is Good For Training And Recreational Purposes,NDH1  - Amazon New Delhi,India,308,85
"1be304fb-5d3d-4344-9755-ea18bbe9fe6a",Handcrafted Steel Chicken,The Football Is Good For Training And Recreational Purposes,BRX2 - Amazon Bruxelles,Belgium,939,320
"1be304fb-5d3d-4344-9755-ea18bbe9fe6a",Handcrafted Steel Chicken,The Football Is Good For Training And Recreational Purposes,DBA1 - Amazon Dubai,Emirates United States,258,105
"1be304fb-5d3d-4344-9755-ea18bbe9fe6a",Handcrafted Steel Chicken,The Football Is Good For Training And Recreational Purposes,TOR1 - Amazon Toronto,Canada,279,90
"1be304fb-5d3d-4344-9755-ea18bbe9fe6a",Handcrafted Steel Chicken,The Football Is Good For Training And Recreational Purposes,MXP5 - Amazon Castel San Giovanni,Italy,846,281
"1e63a9ec-5ced-45a7-aa80-3b22cef35f1d",Recycled Soft Car,New range of formal shirts are designed keeping you in mind. With fits and styling that will make you stand apart,LCY1 - Amazon London,United Kingdom,813,303
"1e63a9ec-5ced-45a7-aa80-3b22cef35f1d",Recycled Soft Car,New range of formal shirts are designed keeping you in mind. With fits and styling that will make you stand apart,CHI1 - Amazon Chicago,United States of America,288,113
"1e63a9ec-5ced-45a7-aa80-3b22cef35f1d",Recycled Soft Car,New range of formal shirts are designed keeping you in mind. With fits and styling that will make you stand apart,SHA1 - Amazon Shanghai,China,118,90
"1e63a9ec-5ced-45a7-aa80-3b22cef35f1d",Recycled Soft Car,New range of formal shirts are designed keeping you in mind. With fits and styling that will make you stand apart,BCR2 - Amazon Bucarest,Romania,618,315
"1e63a9ec-5ced-45a7-aa80-3b22cef35f1d",Recycled Soft Car,New range of formal shirts are designed keeping you in mind. With fits and styling that will make you stand apart,CGN1 - Amazon Koblenz,Germany,243,134
"1e63a9ec-5ced-45a7-aa80-3b22cef35f1d",Recycled Soft Car,New range of formal shirts are designed keeping you in mind. With fits and styling that will make you stand apart,LUX16 - Amazon Luxemburg,Luxemburg,934,299
"1ebc8dcb-221d-4905-a559-321b5abe8100",Incredible Concrete Bacon,Carbonite web goalkeeper gloves are ergonomically designed to give easy fit,LCY1 - Amazon London,United Kingdom,910,262
"1ebc8dcb-221d-4905-a559-321b5abe8100",Incredible Concrete Bacon,Carbonite web goalkeeper gloves are ergonomically designed to give easy fit,CHI1 - Amazon Chicago,United States of America,295,127
"1ebc8dcb-221d-4905-a559-321b5abe8100",Incredible Concrete Bacon,Carbonite web goalkeeper gloves are ergonomically designed to give easy fit,SHA1 - Amazon Shanghai,China,190,93
"1ebc8dcb-221d-4905-a559-321b5abe8100",Incredible Concrete Bacon,Carbonite web goalkeeper gloves are ergonomically designed to give easy fit,BCR2 - Amazon Bucarest,Romania,779,256
"1ebc8dcb-221d-4905-a559-321b5abe8100",Incredible Concrete Bacon,Carbonite web goalkeeper gloves are ergonomically designed to give easy fit,CGN1 - Amazon Koblenz,Germany,284,95
"1ebc8dcb-221d-4905-a559-321b5abe8100",Incredible Concrete Bacon,Carbonite web goalkeeper gloves are ergonomically designed to give easy fit,LUX16 - Amazon Luxemburg,Luxemburg,772,267
"1f40d9ef-0cd0-4dcc-a0a3-7962e6be7104",Luxurious Wooden Pants,"The Apollotech B340 is an affordable wireless mouse with reliable connectivity, 12 months battery life and modern design",SAP1 - Amazon San Paolo,Brasil,302,91
"1f40d9ef-0cd0-4dcc-a0a3-7962e6be7104",Luxurious Wooden Pants,"The Apollotech B340 is an affordable wireless mouse with reliable connectivity, 12 months battery life and modern design",NYC1 - Amazon New York City,United States of America,783,287
"1f40d9ef-0cd0-4dcc-a0a3-7962e6be7104",Luxurious Wooden Pants,"The Apollotech B340 is an affordable wireless mouse with reliable connectivity, 12 months battery life and modern design",LIS3 - Amazon Lisbon,Portugal,309,85
"1f40d9ef-0cd0-4dcc-a0a3-7962e6be7104",Luxurious Wooden Pants,"The Apollotech B340 is an affordable wireless mouse with reliable connectivity, 12 months battery life and modern design",CWL1 - Amazon Swansea,United Kingdom,266,141
"1f40d9ef-0cd0-4dcc-a0a3-7962e6be7104",Luxurious Wooden Pants,"The Apollotech B340 is an affordable wireless mouse with reliable connectivity, 12 months battery life and modern design",TKY6 - Amazon Tokyo,Japan,732,290
"1f40d9ef-0cd0-4dcc-a0a3-7962e6be7104",Luxurious Wooden Pants,"The Apollotech B340 is an affordable wireless mouse with reliable connectivity, 12 months battery life and modern design",MXC2 - Amazon Mexico City,Mexico,771,223
"20b86413-cae6-4c47-be16-a33e3e240612",Electronic Frozen Soap,The Football Is Good For Training And Recreational Purposes,BER6 - Amazon Berlin,Germany,774,280
"20b86413-cae6-4c47-be16-a33e3e240612",Electronic Frozen Soap,The Football Is Good For Training And Recreational Purposes,NDH1  - Amazon New Delhi,India,303,95
"20b86413-cae6-4c47-be16-a33e3e240612",Electronic Frozen Soap,The Football Is Good For Training And Recreational Purposes,BRX2 - Amazon Bruxelles,Belgium,648,318
"20b86413-cae6-4c47-be16-a33e3e240612",Electronic Frozen Soap,The Football Is Good For Training And Recreational Purposes,DBA1 - Amazon Dubai,Emirates United States,128,90
"20b86413-cae6-4c47-be16-a33e3e240612",Electronic Frozen Soap,The Football Is Good For Training And Recreational Purposes,TOR1 - Amazon Toronto,Canada,248,138
"20b86413-cae6-4c47-be16-a33e3e240612",Electronic Frozen Soap,The Football Is Good For Training And Recreational Purposes,MXP5 - Amazon Castel San Giovanni,Italy,632,261
"23b4f883-7429-43e3-82c1-01db65124a8b",Awesome Concrete Cheese,"The Apollotech B340 is an affordable wireless mouse with reliable connectivity, 12 months battery life and modern design",BER6 - Amazon Berlin,Germany,955,325
"23b4f883-7429-43e3-82c1-01db65124a8b",Awesome Concrete Cheese,"The Apollotech B340 is an affordable wireless mouse with reliable connectivity, 12 months battery life and modern design",NDH1  - Amazon New Delhi,India,193,88
"23b4f883-7429-43e3-82c1-01db65124a8b",Awesome Concrete Cheese,"The Apollotech B340 is an affordable wireless mouse with reliable connectivity, 12 months battery life and modern design",BRX2 - Amazon Bruxelles,Belgium,834,293
"23b4f883-7429-43e3-82c1-01db65124a8b",Awesome Concrete Cheese,"The Apollotech B340 is an affordable wireless mouse with reliable connectivity, 12 months battery life and modern design",DBA1 - Amazon Dubai,Emirates United States,302,111
"23b4f883-7429-43e3-82c1-01db65124a8b",Awesome Concrete Cheese,"The Apollotech B340 is an affordable wireless mouse with reliable connectivity, 12 months battery life and modern design",TOR1 - Amazon Toronto,Canada,310,114
"23b4f883-7429-43e3-82c1-01db65124a8b",Awesome Concrete Cheese,"The Apollotech B340 is an affordable wireless mouse with reliable connectivity, 12 months battery life and modern design",MXP5 - Amazon Castel San Giovanni,Italy,756,219
"2453529a-bb92-4fd3-9f37-78a2d840a657",Oriental Plastic Computer,The Football Is Good For Training And Recreational Purposes,MAN1 - Amazon Manchester,United Kingdom,264,105
"2453529a-bb92-4fd3-9f37-78a2d840a657",Oriental Plastic Computer,The Football Is Good For Training And Recreational Purposes,ORY1 - Amazon Saran,France,276,98
"2453529a-bb92-4fd3-9f37-78a2d840a657",Oriental Plastic Computer,The Football Is Good For Training And Recreational Purposes,BER3 - Amazon Brieselang,Germany,818,279
"2453529a-bb92-4fd3-9f37-78a2d840a657",Oriental Plastic Computer,The Football Is Good For Training And Recreational Purposes,FCO1 - Amazon Passo Corese,Italy,313,96
"2453529a-bb92-4fd3-9f37-78a2d840a657",Oriental Plastic Computer,The Football Is Good For Training And Recreational Purposes,WEL1 - Amazon Wels,Austria,895,305
"2453529a-bb92-4fd3-9f37-78a2d840a657",Oriental Plastic Computer,The Football Is Good For Training And Recreational Purposes,BOG2 - Amazon Bogota,Columbia,999,309
"247183ca-7bfd-472b-872d-47d9256d9e3c",Elegant Plastic Table,"The automobile layout consists of a front-engine design, with transaxle-type transmissions mounted at the rear of the engine and four wheel drive",BER3 - Amazon Brieselang,Germany,285,110
"247183ca-7bfd-472b-872d-47d9256d9e3c",Elegant Plastic Table,"The automobile layout consists of a front-engine design, with transaxle-type transmissions mounted at the rear of the engine and four wheel drive",BVA1 - Amazon Boves,France,889,315
"247183ca-7bfd-472b-872d-47d9256d9e3c",Elegant Plastic Table,"The automobile layout consists of a front-engine design, with transaxle-type transmissions mounted at the rear of the engine and four wheel drive",WEL1 - Amazon Wels,Austria,352,127
"247183ca-7bfd-472b-872d-47d9256d9e3c",Elegant Plastic Table,"The automobile layout consists of a front-engine design, with transaxle-type transmissions mounted at the rear of the engine and four wheel drive",BUE1 - Amazon Buenos Aires,Argentina,808,305
"247183ca-7bfd-472b-872d-47d9256d9e3c",Elegant Plastic Table,"The automobile layout consists of a front-engine design, with transaxle-type transmissions mounted at the rear of the engine and four wheel drive",BOG2 - Amazon Bogota,Columbia,199,111
"247183ca-7bfd-472b-872d-47d9256d9e3c",Elegant Plastic Table,"The automobile layout consists of a front-engine design, with transaxle-type transmissions mounted at the rear of the engine and four wheel drive",CPN3 - Amazon Copenaghen,Denmark,793,330
"2a01df4f-dd6d-4872-a707-e8e335e33053",Oriental Granite Shirt,"The automobile layout consists of a front-engine design, with transaxle-type transmissions mounted at the rear of the engine and four wheel drive",MAN1 - Amazon Manchester,United Kingdom,783,282
"2a01df4f-dd6d-4872-a707-e8e335e33053",Oriental Granite Shirt,"The automobile layout consists of a front-engine design, with transaxle-type transmissions mounted at the rear of the engine and four wheel drive",ORY1 - Amazon Saran,France,723,332
"2a01df4f-dd6d-4872-a707-e8e335e33053",Oriental Granite Shirt,"The automobile layout consists of a front-engine design, with transaxle-type transmissions mounted at the rear of the engine and four wheel drive",NYC1 - Amazon New York City,United States of America,250,58
"2a01df4f-dd6d-4872-a707-e8e335e33053",Oriental Granite Shirt,"The automobile layout consists of a front-engine design, with transaxle-type transmissions mounted at the rear of the engine and four wheel drive",TKY6 - Amazon Tokyo,Japan,262,112
"2a01df4f-dd6d-4872-a707-e8e335e33053",Oriental Granite Shirt,"The automobile layout consists of a front-engine design, with transaxle-type transmissions mounted at the rear of the engine and four wheel drive",FCO1 - Amazon Passo Corese,Italy,827,328
"2a01df4f-dd6d-4872-a707-e8e335e33053",Oriental Granite Shirt,"The automobile layout consists of a front-engine design, with transaxle-type transmissions mounted at the rear of the engine and four wheel drive",MXC2 - Amazon Mexico City,Mexico,329,125
"347d68c9-241a-4c41-8751-1cb303445123",Licensed Wooden Pants,Ergonomic executive chair upholstered in bonded black leather and PVC padded seat and back for all-day comfort and support,SAP1 - Amazon San Paolo,Brasil,625,266
"347d68c9-241a-4c41-8751-1cb303445123",Licensed Wooden Pants,Ergonomic executive chair upholstered in bonded black leather and PVC padded seat and back for all-day comfort and support,ZRH13 - Amazon Zurich,Switzerland,216,65
"347d68c9-241a-4c41-8751-1cb303445123",Licensed Wooden Pants,Ergonomic executive chair upholstered in bonded black leather and PVC padded seat and back for all-day comfort and support,MIS1 - Amazon Mississauga,Canada,325,106
"347d68c9-241a-4c41-8751-1cb303445123",Licensed Wooden Pants,Ergonomic executive chair upholstered in bonded black leather and PVC padded seat and back for all-day comfort and support,LIS3 - Amazon Lisbon,Portugal,857,327
"347d68c9-241a-4c41-8751-1cb303445123",Licensed Wooden Pants,Ergonomic executive chair upholstered in bonded black leather and PVC padded seat and back for all-day comfort and support,CWL1 - Amazon Swansea,United Kingdom,771,257
"347d68c9-241a-4c41-8751-1cb303445123",Licensed Wooden Pants,Ergonomic executive chair upholstered in bonded black leather and PVC padded seat and back for all-day comfort and support,HOU2 - Amazon Houston,United States of America,231,69
"386ac093-5a43-439f-8ae1-d3e4c18aa34c",Tasty Steel Tuna,The Football Is Good For Training And Recreational Purposes,CAI1 - Amazon El Cairo,Egypt,935,280
"386ac093-5a43-439f-8ae1-d3e4c18aa34c",Tasty Steel Tuna,The Football Is Good For Training And Recreational Purposes,LCY1 - Amazon London,United Kingdom,186,91
"386ac093-5a43-439f-8ae1-d3e4c18aa34c",Tasty Steel Tuna,The Football Is Good For Training And Recreational Purposes,SVQ1 - Amazon Sevilla,Spain,893,297
"386ac093-5a43-439f-8ae1-d3e4c18aa34c",Tasty Steel Tuna,The Football Is Good For Training And Recreational Purposes,DEH8 - Amazon Den Haag,Netherlands,760,307
"386ac093-5a43-439f-8ae1-d3e4c18aa34c",Tasty Steel Tuna,The Football Is Good For Training And Recreational Purposes,BCR2 - Amazon Bucarest,Romania,268,88
"386ac093-5a43-439f-8ae1-d3e4c18aa34c",Tasty Steel Tuna,The Football Is Good For Training And Recreational Purposes,LUX16 - Amazon Luxemburg,Luxemburg,269,82
"39caf913-d26d-4f2f-b9dc-e0a78195cde0",Elegant Metal Pizza,The Football Is Good For Training And Recreational Purposes,POZ1 - Amazon Sady,Poland,282,86
"39caf913-d26d-4f2f-b9dc-e0a78195cde0",Elegant Metal Pizza,The Football Is Good For Training And Recreational Purposes,BCN1 - Amazon El Prat de Llobregat,Spain,639,276
"39caf913-d26d-4f2f-b9dc-e0a78195cde0",Elegant Metal Pizza,The Football Is Good For Training And Recreational Purposes,MRS1 - Amazon Montelimar,France,754,299
"39caf913-d26d-4f2f-b9dc-e0a78195cde0",Elegant Metal Pizza,The Football Is Good For Training And Recreational Purposes,SAD1 - Amazon San Diego,United States of America,357,72
"39caf913-d26d-4f2f-b9dc-e0a78195cde0",Elegant Metal Pizza,The Football Is Good For Training And Recreational Purposes,HKG1 - Amazon Hong Kong,Hong Kong,966,312
"39caf913-d26d-4f2f-b9dc-e0a78195cde0",Elegant Metal Pizza,The Football Is Good For Training And Recreational Purposes,LAS7 - Amazon Las Vegas,United States of America,281,85
"3a1a43c6-0db7-4d1e-8dcf-378192ffaa54",Electronic Soft Computer,Ergonomic executive chair upholstered in bonded black leather and PVC padded seat and back for all-day comfort and support,SAP1 - Amazon San Paolo,Brasil,881,302
"3a1a43c6-0db7-4d1e-8dcf-378192ffaa54",Electronic Soft Computer,Ergonomic executive chair upholstered in bonded black leather and PVC padded seat and back for all-day comfort and support,ZRH13 - Amazon Zurich,Switzerland,366,98
"3a1a43c6-0db7-4d1e-8dcf-378192ffaa54",Electronic Soft Computer,Ergonomic executive chair upholstered in bonded black leather and PVC padded seat and back for all-day comfort and support,MIS1 - Amazon Mississauga,Canada,210,80
"3a1a43c6-0db7-4d1e-8dcf-378192ffaa54",Electronic Soft Computer,Ergonomic executive chair upholstered in bonded black leather and PVC padded seat and back for all-day comfort and support,LIS3 - Amazon Lisbon,Portugal,682,305
"3a1a43c6-0db7-4d1e-8dcf-378192ffaa54",Electronic Soft Computer,Ergonomic executive chair upholstered in bonded black leather and PVC padded seat and back for all-day comfort and support,CWL1 - Amazon Swansea,United Kingdom,925,257
"3a1a43c6-0db7-4d1e-8dcf-378192ffaa54",Electronic Soft Computer,Ergonomic executive chair upholstered in bonded black leather and PVC padded seat and back for all-day comfort and support,HOU2 - Amazon Houston,United States of America,271,137
"3c6a4e9b-6fbb-4818-884d-92d2b80a64d3",Awesome Bronze Towels,The Football Is Good For Training And Recreational Purposes,BER3 - Amazon Brieselang,Germany,306,109
"3c6a4e9b-6fbb-4818-884d-92d2b80a64d3",Awesome Bronze Towels,The Football Is Good For Training And Recreational Purposes,BVA1 - Amazon Boves,France,727,328
"3c6a4e9b-6fbb-4818-884d-92d2b80a64d3",Awesome Bronze Towels,The Football Is Good For Training And Recreational Purposes,WEL1 - Amazon Wels,Austria,282,82
"3c6a4e9b-6fbb-4818-884d-92d2b80a64d3",Awesome Bronze Towels,The Football Is Good For Training And Recreational Purposes,BUE1 - Amazon Buenos Aires,Argentina,876,281
"3c6a4e9b-6fbb-4818-884d-92d2b80a64d3",Awesome Bronze Towels,The Football Is Good For Training And Recreational Purposes,BOG2 - Amazon Bogota,Columbia,219,92
"3c6a4e9b-6fbb-4818-884d-92d2b80a64d3",Awesome Bronze Towels,The Football Is Good For Training And Recreational Purposes,CPN3 - Amazon Copenaghen,Denmark,722,290
"3d774895-d049-4c69-99b9-14e4e6292b5c",Small Metal Shirt,The Football Is Good For Training And Recreational Purposes,SAP1 - Amazon San Paolo,Brasil,221,142
"3d774895-d049-4c69-99b9-14e4e6292b5c",Small Metal Shirt,The Football Is Good For Training And Recreational Purposes,NYC1 - Amazon New York City,United States of America,744,258
"3d774895-d049-4c69-99b9-14e4e6292b5c",Small Metal Shirt,The Football Is Good For Training And Recreational Purposes,LIS3 - Amazon Lisbon,Portugal,220,82
"3d774895-d049-4c69-99b9-14e4e6292b5c",Small Metal Shirt,The Football Is Good For Training And Recreational Purposes,CWL1 - Amazon Swansea,United Kingdom,255,115
"3d774895-d049-4c69-99b9-14e4e6292b5c",Small Metal Shirt,The Football Is Good For Training And Recreational Purposes,TKY6 - Amazon Tokyo,Japan,920,231
"3d774895-d049-4c69-99b9-14e4e6292b5c",Small Metal Shirt,The Football Is Good For Training And Recreational Purposes,MXC2 - Amazon Mexico City,Mexico,667,247
"3e55b947-3640-45c3-b328-b06f050a971b",Tasty Frozen Cheese,The Football Is Good For Training And Recreational Purposes,SAP1 - Amazon San Paolo,Brasil,777,244
"3e55b947-3640-45c3-b328-b06f050a971b",Tasty Frozen Cheese,The Football Is Good For Training And Recreational Purposes,ZRH13 - Amazon Zurich,Switzerland,236,111
"3e55b947-3640-45c3-b328-b06f050a971b",Tasty Frozen Cheese,The Football Is Good For Training And Recreational Purposes,MIS1 - Amazon Mississauga,Canada,264,97
"3e55b947-3640-45c3-b328-b06f050a971b",Tasty Frozen Cheese,The Football Is Good For Training And Recreational Purposes,LIS3 - Amazon Lisbon,Portugal,804,329
"3e55b947-3640-45c3-b328-b06f050a971b",Tasty Frozen Cheese,The Football Is Good For Training And Recreational Purposes,CWL1 - Amazon Swansea,United Kingdom,743,300
"3e55b947-3640-45c3-b328-b06f050a971b",Tasty Frozen Cheese,The Football Is Good For Training And Recreational Purposes,HOU2 - Amazon Houston,United States of America,249,96
"3e603d74-2516-4337-b8eb-9cab8c004570",Generic Granite Mouse,The slim & simple Maple Gaming Keyboard from Dev Byte comes with a sleek body and 7- Color RGB LED Back-lighting for smart functionality,BER3 - Amazon Brieselang,Germany,270,116
"3e603d74-2516-4337-b8eb-9cab8c004570",Generic Granite Mouse,The slim & simple Maple Gaming Keyboard from Dev Byte comes with a sleek body and 7- Color RGB LED Back-lighting for smart functionality,BVA1 - Amazon Boves,France,839,341
"3e603d74-2516-4337-b8eb-9cab8c004570",Generic Granite Mouse,The slim & simple Maple Gaming Keyboard from Dev Byte comes with a sleek body and 7- Color RGB LED Back-lighting for smart functionality,WEL1 - Amazon Wels,Austria,219,123
"3e603d74-2516-4337-b8eb-9cab8c004570",Generic Granite Mouse,The slim & simple Maple Gaming Keyboard from Dev Byte comes with a sleek body and 7- Color RGB LED Back-lighting for smart functionality,BUE1 - Amazon Buenos Aires,Argentina,903,243
"3e603d74-2516-4337-b8eb-9cab8c004570",Generic Granite Mouse,The slim & simple Maple Gaming Keyboard from Dev Byte comes with a sleek body and 7- Color RGB LED Back-lighting for smart functionality,BOG2 - Amazon Bogota,Columbia,223,113
"3e603d74-2516-4337-b8eb-9cab8c004570",Generic Granite Mouse,The slim & simple Maple Gaming Keyboard from Dev Byte comes with a sleek body and 7- Color RGB LED Back-lighting for smart functionality,CPN3 - Amazon Copenaghen,Denmark,952,310
"40e47309-97be-42d3-b18a-5816aa4fbcc7",Ergonomic Plastic Bike,New range of formal shirts are designed keeping you in mind. With fits and styling that will make you stand apart,BER6 - Amazon Berlin,Germany,798,288
"40e47309-97be-42d3-b18a-5816aa4fbcc7",Ergonomic Plastic Bike,New range of formal shirts are designed keeping you in mind. With fits and styling that will make you stand apart,NDH1  - Amazon New Delhi,India,215,93
"40e47309-97be-42d3-b18a-5816aa4fbcc7",Ergonomic Plastic Bike,New range of formal shirts are designed keeping you in mind. With fits and styling that will make you stand apart,BRX2 - Amazon Bruxelles,Belgium,754,280
"40e47309-97be-42d3-b18a-5816aa4fbcc7",Ergonomic Plastic Bike,New range of formal shirts are designed keeping you in mind. With fits and styling that will make you stand apart,DBA1 - Amazon Dubai,Emirates United States,281,103
"40e47309-97be-42d3-b18a-5816aa4fbcc7",Ergonomic Plastic Bike,New range of formal shirts are designed keeping you in mind. With fits and styling that will make you stand apart,TOR1 - Amazon Toronto,Canada,274,89
"40e47309-97be-42d3-b18a-5816aa4fbcc7",Ergonomic Plastic Bike,New range of formal shirts are designed keeping you in mind. With fits and styling that will make you stand apart,MXP5 - Amazon Castel San Giovanni,Italy,706,294
"412803df-bd6f-4ac0-81c3-598dbff75286",Licensed Wooden Tuna,"New ABC 13 9370, 13.3, 5th Gen CoreA5-8250U, 8GB RAM, 256GB SSD, power UHD Graphics, OS 10 Home, OS Office A & J 2016",MAN1 - Amazon Manchester,United Kingdom,823,312
"412803df-bd6f-4ac0-81c3-598dbff75286",Licensed Wooden Tuna,"New ABC 13 9370, 13.3, 5th Gen CoreA5-8250U, 8GB RAM, 256GB SSD, power UHD Graphics, OS 10 Home, OS Office A & J 2016",ORY1 - Amazon Saran,France,744,265
"412803df-bd6f-4ac0-81c3-598dbff75286",Licensed Wooden Tuna,"New ABC 13 9370, 13.3, 5th Gen CoreA5-8250U, 8GB RAM, 256GB SSD, power UHD Graphics, OS 10 Home, OS Office A & J 2016",NYC1 - Amazon New York City,United States of America,241,101
"412803df-bd6f-4ac0-81c3-598dbff75286",Licensed Wooden Tuna,"New ABC 13 9370, 13.3, 5th Gen CoreA5-8250U, 8GB RAM, 256GB SSD, power UHD Graphics, OS 10 Home, OS Office A & J 2016",TKY6 - Amazon Tokyo,Japan,274,106
"412803df-bd6f-4ac0-81c3-598dbff75286",Licensed Wooden Tuna,"New ABC 13 9370, 13.3, 5th Gen CoreA5-8250U, 8GB RAM, 256GB SSD, power UHD Graphics, OS 10 Home, OS Office A & J 2016",FCO1 - Amazon Passo Corese,Italy,744,282
"412803df-bd6f-4ac0-81c3-598dbff75286",Licensed Wooden Tuna,"New ABC 13 9370, 13.3, 5th Gen CoreA5-8250U, 8GB RAM, 256GB SSD, power UHD Graphics, OS 10 Home, OS Office A & J 2016",MXC2 - Amazon Mexico City,Mexico,314,76
"41418e9b-2518-4974-97a5-82be79ef6adb",Awesome Wooden Salad,"New ABC 13 9370, 13.3, 5th Gen CoreA5-8250U, 8GB RAM, 256GB SSD, power UHD Graphics, OS 10 Home, OS Office A & J 2016",MAN1 - Amazon Manchester,United Kingdom,835,263
"41418e9b-2518-4974-97a5-82be79ef6adb",Awesome Wooden Salad,"New ABC 13 9370, 13.3, 5th Gen CoreA5-8250U, 8GB RAM, 256GB SSD, power UHD Graphics, OS 10 Home, OS Office A & J 2016",ORY1 - Amazon Saran,France,789,297
"41418e9b-2518-4974-97a5-82be79ef6adb",Awesome Wooden Salad,"New ABC 13 9370, 13.3, 5th Gen CoreA5-8250U, 8GB RAM, 256GB SSD, power UHD Graphics, OS 10 Home, OS Office A & J 2016",NYC1 - Amazon New York City,United States of America,351,115
"41418e9b-2518-4974-97a5-82be79ef6adb",Awesome Wooden Salad,"New ABC 13 9370, 13.3, 5th Gen CoreA5-8250U, 8GB RAM, 256GB SSD, power UHD Graphics, OS 10 Home, OS Office A & J 2016",TKY6 - Amazon Tokyo,Japan,186,98
"41418e9b-2518-4974-97a5-82be79ef6adb",Awesome Wooden Salad,"New ABC 13 9370, 13.3, 5th Gen CoreA5-8250U, 8GB RAM, 256GB SSD, power UHD Graphics, OS 10 Home, OS Office A & J 2016",FCO1 - Amazon Passo Corese,Italy,822,306
"41418e9b-2518-4974-97a5-82be79ef6adb",Awesome Wooden Salad,"New ABC 13 9370, 13.3, 5th Gen CoreA5-8250U, 8GB RAM, 256GB SSD, power UHD Graphics, OS 10 Home, OS Office A & J 2016",MXC2 - Amazon Mexico City,Mexico,302,95
"42bcf927-eb06-4c9e-b790-97b6e812720a",Incredible Soft Shirt,The beautiful range of Apple Naturalé that has an exciting mix of natural ingredients. With the Goodness of 100% Natural Ingredients,CAI1 - Amazon El Cairo,Egypt,341,104
"42bcf927-eb06-4c9e-b790-97b6e812720a",Incredible Soft Shirt,The beautiful range of Apple Naturalé that has an exciting mix of natural ingredients. With the Goodness of 100% Natural Ingredients,MIA1 - Amazon Miami,United States of America,699,231
"42bcf927-eb06-4c9e-b790-97b6e812720a",Incredible Soft Shirt,The beautiful range of Apple Naturalé that has an exciting mix of natural ingredients. With the Goodness of 100% Natural Ingredients,SYD1 - Amazon Sidney,Australia,632,236
"42bcf927-eb06-4c9e-b790-97b6e812720a",Incredible Soft Shirt,The beautiful range of Apple Naturalé that has an exciting mix of natural ingredients. With the Goodness of 100% Natural Ingredients,SVQ1 - Amazon Sevilla,Spain,209,85
"42bcf927-eb06-4c9e-b790-97b6e812720a",Incredible Soft Shirt,The beautiful range of Apple Naturalé that has an exciting mix of natural ingredients. With the Goodness of 100% Natural Ingredients,PHX7 - Amazon Phoenix,United States of America,847,287
"42bcf927-eb06-4c9e-b790-97b6e812720a",Incredible Soft Shirt,The beautiful range of Apple Naturalé that has an exciting mix of natural ingredients. With the Goodness of 100% Natural Ingredients,DEH8 - Amazon Den Haag,Netherlands,303,89
"47310854-0b88-4b89-b276-82105b70853f",Tasty Steel Ball,New range of formal shirts are designed keeping you in mind. With fits and styling that will make you stand apart,SAP1 - Amazon San Paolo,Brasil,202,122
"47310854-0b88-4b89-b276-82105b70853f",Tasty Steel Ball,New range of formal shirts are designed keeping you in mind. With fits and styling that will make you stand apart,NYC1 - Amazon New York City,United States of America,858,350
"47310854-0b88-4b89-b276-82105b70853f",Tasty Steel Ball,New range of formal shirts are designed keeping you in mind. With fits and styling that will make you stand apart,LIS3 - Amazon Lisbon,Portugal,253,107
"47310854-0b88-4b89-b276-82105b70853f",Tasty Steel Ball,New range of formal shirts are designed keeping you in mind. With fits and styling that will make you stand apart,CWL1 - Amazon Swansea,United Kingdom,238,69
"47310854-0b88-4b89-b276-82105b70853f",Tasty Steel Ball,New range of formal shirts are designed keeping you in mind. With fits and styling that will make you stand apart,TKY6 - Amazon Tokyo,Japan,905,248
"47310854-0b88-4b89-b276-82105b70853f",Tasty Steel Ball,New range of formal shirts are designed keeping you in mind. With fits and styling that will make you stand apart,MXC2 - Amazon Mexico City,Mexico,823,339
"4bec2e43-9688-40b0-aff6-f4c1dc7e38d8",Practical Wooden Gloves,Carbonite web goalkeeper gloves are ergonomically designed to give easy fit,POZ1 - Amazon Sady,Poland,654,295
"4bec2e43-9688-40b0-aff6-f4c1dc7e38d8",Practical Wooden Gloves,Carbonite web goalkeeper gloves are ergonomically designed to give easy fit,DUB19 - Amazon Dublin,Ireland,242,110
"4bec2e43-9688-40b0-aff6-f4c1dc7e38d8",Practical Wooden Gloves,Carbonite web goalkeeper gloves are ergonomically designed to give easy fit,SAD1 - Amazon San Diego,United States of America,761,309
"4bec2e43-9688-40b0-aff6-f4c1dc7e38d8",Practical Wooden Gloves,Carbonite web goalkeeper gloves are ergonomically designed to give easy fit,CPT2 - Amazon Capetown,South Africa,305,89
"4bec2e43-9688-40b0-aff6-f4c1dc7e38d8",Practical Wooden Gloves,Carbonite web goalkeeper gloves are ergonomically designed to give easy fit,LAS7 - Amazon Las Vegas,United States of America,788,200
"4bec2e43-9688-40b0-aff6-f4c1dc7e38d8",Practical Wooden Gloves,Carbonite web goalkeeper gloves are ergonomically designed to give easy fit,DUS2 - Amazon Rheinberg,Germany,307,94
"4e2a101e-a286-49c2-94b1-6195f2bafaef",Tasty Concrete Bacon,"New ABC 13 9370, 13.3, 5th Gen CoreA5-8250U, 8GB RAM, 256GB SSD, power UHD Graphics, OS 10 Home, OS Office A & J 2016",BER6 - Amazon Berlin,Germany,889,259
"4e2a101e-a286-49c2-94b1-6195f2bafaef",Tasty Concrete Bacon,"New ABC 13 9370, 13.3, 5th Gen CoreA5-8250U, 8GB RAM, 256GB SSD, power UHD Graphics, OS 10 Home, OS Office A & J 2016",NDH1  - Amazon New Delhi,India,335,101
"4e2a101e-a286-49c2-94b1-6195f2bafaef",Tasty Concrete Bacon,"New ABC 13 9370, 13.3, 5th Gen CoreA5-8250U, 8GB RAM, 256GB SSD, power UHD Graphics, OS 10 Home, OS Office A & J 2016",BRX2 - Amazon Bruxelles,Belgium,749,260
"4e2a101e-a286-49c2-94b1-6195f2bafaef",Tasty Concrete Bacon,"New ABC 13 9370, 13.3, 5th Gen CoreA5-8250U, 8GB RAM, 256GB SSD, power UHD Graphics, OS 10 Home, OS Office A & J 2016",DBA1 - Amazon Dubai,Emirates United States,185,81
"4e2a101e-a286-49c2-94b1-6195f2bafaef",Tasty Concrete Bacon,"New ABC 13 9370, 13.3, 5th Gen CoreA5-8250U, 8GB RAM, 256GB SSD, power UHD Graphics, OS 10 Home, OS Office A & J 2016",TOR1 - Amazon Toronto,Canada,398,112
"4e2a101e-a286-49c2-94b1-6195f2bafaef",Tasty Concrete Bacon,"New ABC 13 9370, 13.3, 5th Gen CoreA5-8250U, 8GB RAM, 256GB SSD, power UHD Graphics, OS 10 Home, OS Office A & J 2016",MXP5 - Amazon Castel San Giovanni,Italy,783,320
"4f5b4b1c-380e-4310-b5b6-799dab3db8c5",Generic Steel Shoes,"Andy shoes are designed to keeping in mind durability as well as trends, the most stylish range of shoes & sandals",BER6 - Amazon Berlin,Germany,193,89
"4f5b4b1c-380e-4310-b5b6-799dab3db8c5",Generic Steel Shoes,"Andy shoes are designed to keeping in mind durability as well as trends, the most stylish range of shoes & sandals",CHI1 - Amazon Chicago,United States of America,702,276
"4f5b4b1c-380e-4310-b5b6-799dab3db8c5",Generic Steel Shoes,"Andy shoes are designed to keeping in mind durability as well as trends, the most stylish range of shoes & sandals",BRX2 - Amazon Bruxelles,Belgium,246,112
"4f5b4b1c-380e-4310-b5b6-799dab3db8c5",Generic Steel Shoes,"Andy shoes are designed to keeping in mind durability as well as trends, the most stylish range of shoes & sandals",SHA1 - Amazon Shanghai,China,862,279
"4f5b4b1c-380e-4310-b5b6-799dab3db8c5",Generic Steel Shoes,"Andy shoes are designed to keeping in mind durability as well as trends, the most stylish range of shoes & sandals",CGN1 - Amazon Koblenz,Germany,700,298
"4f5b4b1c-380e-4310-b5b6-799dab3db8c5",Generic Steel Shoes,"Andy shoes are designed to keeping in mind durability as well as trends, the most stylish range of shoes & sandals",MXP5 - Amazon Castel San Giovanni,Italy,377,94
"4f7906db-ad3b-4798-b015-df571dcbe5bc",Handcrafted Plastic Keyboard,"Boston's most advanced compression wear technology increases muscle oxygenation, stabilizes active muscles",NDH1  - Amazon New Delhi,India,789,209
"4f7906db-ad3b-4798-b015-df571dcbe5bc",Handcrafted Plastic Keyboard,"Boston's most advanced compression wear technology increases muscle oxygenation, stabilizes active muscles",BVA1 - Amazon Boves,France,245,106
"4f7906db-ad3b-4798-b015-df571dcbe5bc",Handcrafted Plastic Keyboard,"Boston's most advanced compression wear technology increases muscle oxygenation, stabilizes active muscles",DBA1 - Amazon Dubai,Emirates United States,723,244
"4f7906db-ad3b-4798-b015-df571dcbe5bc",Handcrafted Plastic Keyboard,"Boston's most advanced compression wear technology increases muscle oxygenation, stabilizes active muscles",BUE1 - Amazon Buenos Aires,Argentina,276,53
"4f7906db-ad3b-4798-b015-df571dcbe5bc",Handcrafted Plastic Keyboard,"Boston's most advanced compression wear technology increases muscle oxygenation, stabilizes active muscles",TOR1 - Amazon Toronto,Canada,740,294
"4f7906db-ad3b-4798-b015-df571dcbe5bc",Handcrafted Plastic Keyboard,"Boston's most advanced compression wear technology increases muscle oxygenation, stabilizes active muscles",CPN3 - Amazon Copenaghen,Denmark,294,71
"58310911-90e8-41b4-8d11-3d14a0ed4794",Intelligent Fresh Chips,Carbonite web goalkeeper gloves are ergonomically designed to give easy fit,SAP1 - Amazon San Paolo,Brasil,864,279
"58310911-90e8-41b4-8d11-3d14a0ed4794",Intelligent Fresh Chips,Carbonite web goalkeeper gloves are ergonomically designed to give easy fit,ZRH13 - Amazon Zurich,Switzerland,279,90
"58310911-90e8-41b4-8d11-3d14a0ed4794",Intelligent Fresh Chips,Carbonite web goalkeeper gloves are ergonomically designed to give easy fit,MIS1 - Amazon Mississauga,Canada,331,125
"58310911-90e8-41b4-8d11-3d14a0ed4794",Intelligent Fresh Chips,Carbonite web goalkeeper gloves are ergonomically designed to give easy fit,LIS3 - Amazon Lisbon,Portugal,902,340
"58310911-90e8-41b4-8d11-3d14a0ed4794",Intelligent Fresh Chips,Carbonite web goalkeeper gloves are ergonomically designed to give easy fit,CWL1 - Amazon Swansea,United Kingdom,695,312
"58310911-90e8-41b4-8d11-3d14a0ed4794",Intelligent Fresh Chips,Carbonite web goalkeeper gloves are ergonomically designed to give easy fit,HOU2 - Amazon Houston,United States of America,243,105
"5b003f36-eee5-43aa-9552-14bdf0d1a32a",Practical Concrete Towels,"The automobile layout consists of a front-engine design, with transaxle-type transmissions mounted at the rear of the engine and four wheel drive",CAI1 - Amazon El Cairo,Egypt,709,333
"5b003f36-eee5-43aa-9552-14bdf0d1a32a",Practical Concrete Towels,"The automobile layout consists of a front-engine design, with transaxle-type transmissions mounted at the rear of the engine and four wheel drive",LCY1 - Amazon London,United Kingdom,215,84
"5b003f36-eee5-43aa-9552-14bdf0d1a32a",Practical Concrete Towels,"The automobile layout consists of a front-engine design, with transaxle-type transmissions mounted at the rear of the engine and four wheel drive",SVQ1 - Amazon Sevilla,Spain,741,260
"5b003f36-eee5-43aa-9552-14bdf0d1a32a",Practical Concrete Towels,"The automobile layout consists of a front-engine design, with transaxle-type transmissions mounted at the rear of the engine and four wheel drive",DEH8 - Amazon Den Haag,Netherlands,762,278
"5b003f36-eee5-43aa-9552-14bdf0d1a32a",Practical Concrete Towels,"The automobile layout consists of a front-engine design, with transaxle-type transmissions mounted at the rear of the engine and four wheel drive",BCR2 - Amazon Bucarest,Romania,206,106
"5b003f36-eee5-43aa-9552-14bdf0d1a32a",Practical Concrete Towels,"The automobile layout consists of a front-engine design, with transaxle-type transmissions mounted at the rear of the engine and four wheel drive",LUX16 - Amazon Luxemburg,Luxemburg,250,102
"5c532726-29c2-49cd-9758-ee3ff976592f",Unbranded Soft Table,New range of formal shirts are designed keeping you in mind. With fits and styling that will make you stand apart,CAI1 - Amazon El Cairo,Egypt,840,297
"5c532726-29c2-49cd-9758-ee3ff976592f",Unbranded Soft Table,New range of formal shirts are designed keeping you in mind. With fits and styling that will make you stand apart,LCY1 - Amazon London,United Kingdom,259,39
"5c532726-29c2-49cd-9758-ee3ff976592f",Unbranded Soft Table,New range of formal shirts are designed keeping you in mind. With fits and styling that will make you stand apart,SVQ1 - Amazon Sevilla,Spain,794,251
"5c532726-29c2-49cd-9758-ee3ff976592f",Unbranded Soft Table,New range of formal shirts are designed keeping you in mind. With fits and styling that will make you stand apart,DEH8 - Amazon Den Haag,Netherlands,806,315
"5c532726-29c2-49cd-9758-ee3ff976592f",Unbranded Soft Table,New range of formal shirts are designed keeping you in mind. With fits and styling that will make you stand apart,BCR2 - Amazon Bucarest,Romania,269,115
"5c532726-29c2-49cd-9758-ee3ff976592f",Unbranded Soft Table,New range of formal shirts are designed keeping you in mind. With fits and styling that will make you stand apart,LUX16 - Amazon Luxemburg,Luxemburg,290,99
"60dc5a16-5588-493f-aeed-3286803708ce",Electronic Soft Chips,"Boston's most advanced compression wear technology increases muscle oxygenation, stabilizes active muscles",LCY1 - Amazon London,United Kingdom,795,310
"60dc5a16-5588-493f-aeed-3286803708ce",Electronic Soft Chips,"Boston's most advanced compression wear technology increases muscle oxygenation, stabilizes active muscles",CHI1 - Amazon Chicago,United States of America,209,99
"60dc5a16-5588-493f-aeed-3286803708ce",Electronic Soft Chips,"Boston's most advanced compression wear technology increases muscle oxygenation, stabilizes active muscles",SHA1 - Amazon Shanghai,China,346,90
"60dc5a16-5588-493f-aeed-3286803708ce",Electronic Soft Chips,"Boston's most advanced compression wear technology increases muscle oxygenation, stabilizes active muscles",BCR2 - Amazon Bucarest,Romania,932,317
"60dc5a16-5588-493f-aeed-3286803708ce",Electronic Soft Chips,"Boston's most advanced compression wear technology increases muscle oxygenation, stabilizes active muscles",CGN1 - Amazon Koblenz,Germany,300,116
"60dc5a16-5588-493f-aeed-3286803708ce",Electronic Soft Chips,"Boston's most advanced compression wear technology increases muscle oxygenation, stabilizes active muscles",LUX16 - Amazon Luxemburg,Luxemburg,767,228
"63116ae4-864a-41cd-8157-910dea464936",Rustic Steel Towels,The slim & simple Maple Gaming Keyboard from Dev Byte comes with a sleek body and 7- Color RGB LED Back-lighting for smart functionality,POZ1 - Amazon Sady,Poland,235,82
"63116ae4-864a-41cd-8157-910dea464936",Rustic Steel Towels,The slim & simple Maple Gaming Keyboard from Dev Byte comes with a sleek body and 7- Color RGB LED Back-lighting for smart functionality,BCN1 - Amazon El Prat de Llobregat,Spain,844,246
"63116ae4-864a-41cd-8157-910dea464936",Rustic Steel Towels,The slim & simple Maple Gaming Keyboard from Dev Byte comes with a sleek body and 7- Color RGB LED Back-lighting for smart functionality,MRS1 - Amazon Montelimar,France,779,318
"63116ae4-864a-41cd-8157-910dea464936",Rustic Steel Towels,The slim & simple Maple Gaming Keyboard from Dev Byte comes with a sleek body and 7- Color RGB LED Back-lighting for smart functionality,SAD1 - Amazon San Diego,United States of America,224,123
"63116ae4-864a-41cd-8157-910dea464936",Rustic Steel Towels,The slim & simple Maple Gaming Keyboard from Dev Byte comes with a sleek body and 7- Color RGB LED Back-lighting for smart functionality,HKG1 - Amazon Hong Kong,Hong Kong,695,299
"63116ae4-864a-41cd-8157-910dea464936",Rustic Steel Towels,The slim & simple Maple Gaming Keyboard from Dev Byte comes with a sleek body and 7- Color RGB LED Back-lighting for smart functionality,LAS7 - Amazon Las Vegas,United States of America,319,77
"67daa134-b57d-43ef-a072-4fb271d06a94",Ergonomic Bronze Salad,Ergonomic executive chair upholstered in bonded black leather and PVC padded seat and back for all-day comfort and support,SAP1 - Amazon San Paolo,Brasil,223,78
"67daa134-b57d-43ef-a072-4fb271d06a94",Ergonomic Bronze Salad,Ergonomic executive chair upholstered in bonded black leather and PVC padded seat and back for all-day comfort and support,NYC1 - Amazon New York City,United States of America,839,274
"67daa134-b57d-43ef-a072-4fb271d06a94",Ergonomic Bronze Salad,Ergonomic executive chair upholstered in bonded black leather and PVC padded seat and back for all-day comfort and support,LIS3 - Amazon Lisbon,Portugal,265,112
"67daa134-b57d-43ef-a072-4fb271d06a94",Ergonomic Bronze Salad,Ergonomic executive chair upholstered in bonded black leather and PVC padded seat and back for all-day comfort and support,CWL1 - Amazon Swansea,United Kingdom,250,111
"67daa134-b57d-43ef-a072-4fb271d06a94",Ergonomic Bronze Salad,Ergonomic executive chair upholstered in bonded black leather and PVC padded seat and back for all-day comfort and support,TKY6 - Amazon Tokyo,Japan,800,224
"67daa134-b57d-43ef-a072-4fb271d06a94",Ergonomic Bronze Salad,Ergonomic executive chair upholstered in bonded black leather and PVC padded seat and back for all-day comfort and support,MXC2 - Amazon Mexico City,Mexico,695,290
"69cea6ff-cecd-4c90-a39f-6e16c9529174",Sleek Cotton Ball,"Boston's most advanced compression wear technology increases muscle oxygenation, stabilizes active muscles",MAN1 - Amazon Manchester,United Kingdom,181,96
"69cea6ff-cecd-4c90-a39f-6e16c9529174",Sleek Cotton Ball,"Boston's most advanced compression wear technology increases muscle oxygenation, stabilizes active muscles",ORY1 - Amazon Saran,France,265,120
"69cea6ff-cecd-4c90-a39f-6e16c9529174",Sleek Cotton Ball,"Boston's most advanced compression wear technology increases muscle oxygenation, stabilizes active muscles",BER3 - Amazon Brieselang,Germany,766,309
"69cea6ff-cecd-4c90-a39f-6e16c9529174",Sleek Cotton Ball,"Boston's most advanced compression wear technology increases muscle oxygenation, stabilizes active muscles",FCO1 - Amazon Passo Corese,Italy,346,139
"69cea6ff-cecd-4c90-a39f-6e16c9529174",Sleek Cotton Ball,"Boston's most advanced compression wear technology increases muscle oxygenation, stabilizes active muscles",WEL1 - Amazon Wels,Austria,844,347
"69cea6ff-cecd-4c90-a39f-6e16c9529174",Sleek Cotton Ball,"Boston's most advanced compression wear technology increases muscle oxygenation, stabilizes active muscles",BOG2 - Amazon Bogota,Columbia,848,211
"6b9ca9ab-7129-438c-8abf-2155002facfe",Electronic Granite Fish,The slim & simple Maple Gaming Keyboard from Dev Byte comes with a sleek body and 7- Color RGB LED Back-lighting for smart functionality,CAI1 - Amazon El Cairo,Egypt,705,230
"6b9ca9ab-7129-438c-8abf-2155002facfe",Electronic Granite Fish,The slim & simple Maple Gaming Keyboard from Dev Byte comes with a sleek body and 7- Color RGB LED Back-lighting for smart functionality,LCY1 - Amazon London,United Kingdom,260,98
"6b9ca9ab-7129-438c-8abf-2155002facfe",Electronic Granite Fish,The slim & simple Maple Gaming Keyboard from Dev Byte comes with a sleek body and 7- Color RGB LED Back-lighting for smart functionality,SVQ1 - Amazon Sevilla,Spain,808,322
"6b9ca9ab-7129-438c-8abf-2155002facfe",Electronic Granite Fish,The slim & simple Maple Gaming Keyboard from Dev Byte comes with a sleek body and 7- Color RGB LED Back-lighting for smart functionality,DEH8 - Amazon Den Haag,Netherlands,909,329
"6b9ca9ab-7129-438c-8abf-2155002facfe",Electronic Granite Fish,The slim & simple Maple Gaming Keyboard from Dev Byte comes with a sleek body and 7- Color RGB LED Back-lighting for smart functionality,BCR2 - Amazon Bucarest,Romania,251,97
"6b9ca9ab-7129-438c-8abf-2155002facfe",Electronic Granite Fish,The slim & simple Maple Gaming Keyboard from Dev Byte comes with a sleek body and 7- Color RGB LED Back-lighting for smart functionality,LUX16 - Amazon Luxemburg,Luxemburg,233,82
"6bd0eb2e-c25d-4161-848b-6cd1d4c919cd",Incredible Wooden Chips,"The Nagasaki Lander is the trademarked name of several series of Nagasaki sport bikes, that started with the 1984 ABC800J",MIA1 - Amazon Miami,United States of America,281,111
"6bd0eb2e-c25d-4161-848b-6cd1d4c919cd",Incredible Wooden Chips,"The Nagasaki Lander is the trademarked name of several series of Nagasaki sport bikes, that started with the 1984 ABC800J",DUB19 - Amazon Dublin,Ireland,800,281
"6bd0eb2e-c25d-4161-848b-6cd1d4c919cd",Incredible Wooden Chips,"The Nagasaki Lander is the trademarked name of several series of Nagasaki sport bikes, that started with the 1984 ABC800J",SYD1 - Amazon Sidney,Australia,331,128
"6bd0eb2e-c25d-4161-848b-6cd1d4c919cd",Incredible Wooden Chips,"The Nagasaki Lander is the trademarked name of several series of Nagasaki sport bikes, that started with the 1984 ABC800J",PHX7 - Amazon Phoenix,United States of America,265,71
"6bd0eb2e-c25d-4161-848b-6cd1d4c919cd",Incredible Wooden Chips,"The Nagasaki Lander is the trademarked name of several series of Nagasaki sport bikes, that started with the 1984 ABC800J",CPT2 - Amazon Capetown,South Africa,880,272
"6bd0eb2e-c25d-4161-848b-6cd1d4c919cd",Incredible Wooden Chips,"The Nagasaki Lander is the trademarked name of several series of Nagasaki sport bikes, that started with the 1984 ABC800J",DUS2 - Amazon Rheinberg,Germany,836,266
"6cdbf8d0-1869-4cbe-afc4-373bff18e8ee",Small Metal Gloves,The Football Is Good For Training And Recreational Purposes,BER6 - Amazon Berlin,Germany,900,355
"6cdbf8d0-1869-4cbe-afc4-373bff18e8ee",Small Metal Gloves,The Football Is Good For Training And Recreational Purposes,NDH1  - Amazon New Delhi,India,353,104
"6cdbf8d0-1869-4cbe-afc4-373bff18e8ee",Small Metal Gloves,The Football Is Good For Training And Recreational Purposes,BRX2 - Amazon Bruxelles,Belgium,879,266
"6cdbf8d0-1869-4cbe-afc4-373bff18e8ee",Small Metal Gloves,The Football Is Good For Training And Recreational Purposes,DBA1 - Amazon Dubai,Emirates United States,200,80
"6cdbf8d0-1869-4cbe-afc4-373bff18e8ee",Small Metal Gloves,The Football Is Good For Training And Recreational Purposes,TOR1 - Amazon Toronto,Canada,303,112
"6cdbf8d0-1869-4cbe-afc4-373bff18e8ee",Small Metal Gloves,The Football Is Good For Training And Recreational Purposes,MXP5 - Amazon Castel San Giovanni,Italy,751,274
"7035613d-07fb-406b-987d-55661e71c428",Unbranded Metal Keyboard,"New ABC 13 9370, 13.3, 5th Gen CoreA5-8250U, 8GB RAM, 256GB SSD, power UHD Graphics, OS 10 Home, OS Office A & J 2016",POZ1 - Amazon Sady,Poland,255,71
"7035613d-07fb-406b-987d-55661e71c428",Unbranded Metal Keyboard,"New ABC 13 9370, 13.3, 5th Gen CoreA5-8250U, 8GB RAM, 256GB SSD, power UHD Graphics, OS 10 Home, OS Office A & J 2016",BCN1 - Amazon El Prat de Llobregat,Spain,635,279
"7035613d-07fb-406b-987d-55661e71c428",Unbranded Metal Keyboard,"New ABC 13 9370, 13.3, 5th Gen CoreA5-8250U, 8GB RAM, 256GB SSD, power UHD Graphics, OS 10 Home, OS Office A & J 2016",MRS1 - Amazon Montelimar,France,824,271
"7035613d-07fb-406b-987d-55661e71c428",Unbranded Metal Keyboard,"New ABC 13 9370, 13.3, 5th Gen CoreA5-8250U, 8GB RAM, 256GB SSD, power UHD Graphics, OS 10 Home, OS Office A & J 2016",SAD1 - Amazon San Diego,United States of America,283,89
"7035613d-07fb-406b-987d-55661e71c428",Unbranded Metal Keyboard,"New ABC 13 9370, 13.3, 5th Gen CoreA5-8250U, 8GB RAM, 256GB SSD, power UHD Graphics, OS 10 Home, OS Office A & J 2016",HKG1 - Amazon Hong Kong,Hong Kong,813,267
"7035613d-07fb-406b-987d-55661e71c428",Unbranded Metal Keyboard,"New ABC 13 9370, 13.3, 5th Gen CoreA5-8250U, 8GB RAM, 256GB SSD, power UHD Graphics, OS 10 Home, OS Office A & J 2016",LAS7 - Amazon Las Vegas,United States of America,286,126
"735be0d8-fa08-4140-b664-a17c92bf7651",Luxurious Soft Tuna,Carbonite web goalkeeper gloves are ergonomically designed to give easy fit,SAP1 - Amazon San Paolo,Brasil,252,114
"735be0d8-fa08-4140-b664-a17c92bf7651",Luxurious Soft Tuna,Carbonite web goalkeeper gloves are ergonomically designed to give easy fit,NYC1 - Amazon New York City,United States of America,719,297
"735be0d8-fa08-4140-b664-a17c92bf7651",Luxurious Soft Tuna,Carbonite web goalkeeper gloves are ergonomically designed to give easy fit,LIS3 - Amazon Lisbon,Portugal,333,96
"735be0d8-fa08-4140-b664-a17c92bf7651",Luxurious Soft Tuna,Carbonite web goalkeeper gloves are ergonomically designed to give easy fit,CWL1 - Amazon Swansea,United Kingdom,304,144
"735be0d8-fa08-4140-b664-a17c92bf7651",Luxurious Soft Tuna,Carbonite web goalkeeper gloves are ergonomically designed to give easy fit,TKY6 - Amazon Tokyo,Japan,741,266
"735be0d8-fa08-4140-b664-a17c92bf7651",Luxurious Soft Tuna,Carbonite web goalkeeper gloves are ergonomically designed to give easy fit,MXC2 - Amazon Mexico City,Mexico,779,261
"7421e4e5-6602-4ceb-b9c5-07fad32c2b4b",Handcrafted Metal Tuna,"The Nagasaki Lander is the trademarked name of several series of Nagasaki sport bikes, that started with the 1984 ABC800J",SAP1 - Amazon San Paolo,Brasil,334,116
"7421e4e5-6602-4ceb-b9c5-07fad32c2b4b",Handcrafted Metal Tuna,"The Nagasaki Lander is the trademarked name of several series of Nagasaki sport bikes, that started with the 1984 ABC800J",NYC1 - Amazon New York City,United States of America,750,265
"7421e4e5-6602-4ceb-b9c5-07fad32c2b4b",Handcrafted Metal Tuna,"The Nagasaki Lander is the trademarked name of several series of Nagasaki sport bikes, that started with the 1984 ABC800J",LIS3 - Amazon Lisbon,Portugal,339,93
"7421e4e5-6602-4ceb-b9c5-07fad32c2b4b",Handcrafted Metal Tuna,"The Nagasaki Lander is the trademarked name of several series of Nagasaki sport bikes, that started with the 1984 ABC800J",CWL1 - Amazon Swansea,United Kingdom,227,120
"7421e4e5-6602-4ceb-b9c5-07fad32c2b4b",Handcrafted Metal Tuna,"The Nagasaki Lander is the trademarked name of several series of Nagasaki sport bikes, that started with the 1984 ABC800J",TKY6 - Amazon Tokyo,Japan,673,287
"7421e4e5-6602-4ceb-b9c5-07fad32c2b4b",Handcrafted Metal Tuna,"The Nagasaki Lander is the trademarked name of several series of Nagasaki sport bikes, that started with the 1984 ABC800J",MXC2 - Amazon Mexico City,Mexico,806,289
"74850432-707c-4536-8dcc-7c2652835b5b",Bespoke Concrete Ball,The Football Is Good For Training And Recreational Purposes,MAN1 - Amazon Manchester,United Kingdom,739,278
"74850432-707c-4536-8dcc-7c2652835b5b",Bespoke Concrete Ball,The Football Is Good For Training And Recreational Purposes,ORY1 - Amazon Saran,France,736,333
"74850432-707c-4536-8dcc-7c2652835b5b",Bespoke Concrete Ball,The Football Is Good For Training And Recreational Purposes,NYC1 - Amazon New York City,United States of America,194,63
"74850432-707c-4536-8dcc-7c2652835b5b",Bespoke Concrete Ball,The Football Is Good For Training And Recreational Purposes,TKY6 - Amazon Tokyo,Japan,334,124
"74850432-707c-4536-8dcc-7c2652835b5b",Bespoke Concrete Ball,The Football Is Good For Training And Recreational Purposes,FCO1 - Amazon Passo Corese,Italy,808,282
"74850432-707c-4536-8dcc-7c2652835b5b",Bespoke Concrete Ball,The Football Is Good For Training And Recreational Purposes,MXC2 - Amazon Mexico City,Mexico,244,108
"787d45c6-46a3-4cee-93b9-178a884618a8",Small Rubber Car,The Football Is Good For Training And Recreational Purposes,POZ1 - Amazon Sady,Poland,274,114
"787d45c6-46a3-4cee-93b9-178a884618a8",Small Rubber Car,The Football Is Good For Training And Recreational Purposes,BCN1 - Amazon El Prat de Llobregat,Spain,790,239
"787d45c6-46a3-4cee-93b9-178a884618a8",Small Rubber Car,The Football Is Good For Training And Recreational Purposes,MRS1 - Amazon Montelimar,France,877,299
"787d45c6-46a3-4cee-93b9-178a884618a8",Small Rubber Car,The Football Is Good For Training And Recreational Purposes,SAD1 - Amazon San Diego,United States of America,265,108
"787d45c6-46a3-4cee-93b9-178a884618a8",Small Rubber Car,The Football Is Good For Training And Recreational Purposes,HKG1 - Amazon Hong Kong,Hong Kong,686,308
"787d45c6-46a3-4cee-93b9-178a884618a8",Small Rubber Car,The Football Is Good For Training And Recreational Purposes,LAS7 - Amazon Las Vegas,United States of America,292,125
"7a75eccc-c30e-4ca5-b7b2-c1198cea3dd0",Electronic Frozen Ball,"Andy shoes are designed to keeping in mind durability as well as trends, the most stylish range of shoes & sandals",LCY1 - Amazon London,United Kingdom,783,292
"7a75eccc-c30e-4ca5-b7b2-c1198cea3dd0",Electronic Frozen Ball,"Andy shoes are designed to keeping in mind durability as well as trends, the most stylish range of shoes & sandals",CHI1 - Amazon Chicago,United States of America,268,113
"7a75eccc-c30e-4ca5-b7b2-c1198cea3dd0",Electronic Frozen Ball,"Andy shoes are designed to keeping in mind durability as well as trends, the most stylish range of shoes & sandals",SHA1 - Amazon Shanghai,China,257,116
"7a75eccc-c30e-4ca5-b7b2-c1198cea3dd0",Electronic Frozen Ball,"Andy shoes are designed to keeping in mind durability as well as trends, the most stylish range of shoes & sandals",BCR2 - Amazon Bucarest,Romania,655,219
"7a75eccc-c30e-4ca5-b7b2-c1198cea3dd0",Electronic Frozen Ball,"Andy shoes are designed to keeping in mind durability as well as trends, the most stylish range of shoes & sandals",CGN1 - Amazon Koblenz,Germany,240,72
"7a75eccc-c30e-4ca5-b7b2-c1198cea3dd0",Electronic Frozen Ball,"Andy shoes are designed to keeping in mind durability as well as trends, the most stylish range of shoes & sandals",LUX16 - Amazon Luxemburg,Luxemburg,821,332
"7dbca216-0428-4262-81b4-def5a1a7b62c",Rustic Bronze Chair,"Boston's most advanced compression wear technology increases muscle oxygenation, stabilizes active muscles",CAI1 - Amazon El Cairo,Egypt,805,283
"7dbca216-0428-4262-81b4-def5a1a7b62c",Rustic Bronze Chair,"Boston's most advanced compression wear technology increases muscle oxygenation, stabilizes active muscles",LCY1 - Amazon London,United Kingdom,367,91
"7dbca216-0428-4262-81b4-def5a1a7b62c",Rustic Bronze Chair,"Boston's most advanced compression wear technology increases muscle oxygenation, stabilizes active muscles",SVQ1 - Amazon Sevilla,Spain,765,340
"7dbca216-0428-4262-81b4-def5a1a7b62c",Rustic Bronze Chair,"Boston's most advanced compression wear technology increases muscle oxygenation, stabilizes active muscles",DEH8 - Amazon Den Haag,Netherlands,812,270
"7dbca216-0428-4262-81b4-def5a1a7b62c",Rustic Bronze Chair,"Boston's most advanced compression wear technology increases muscle oxygenation, stabilizes active muscles",BCR2 - Amazon Bucarest,Romania,302,109
"7dbca216-0428-4262-81b4-def5a1a7b62c",Rustic Bronze Chair,"Boston's most advanced compression wear technology increases muscle oxygenation, stabilizes active muscles",LUX16 - Amazon Luxemburg,Luxemburg,355,97
"7ea624a0-9a2d-470d-8037-155b5fb60f02",Ergonomic Wooden Sausages,"Andy shoes are designed to keeping in mind durability as well as trends, the most stylish range of shoes & sandals",CAI1 - Amazon El Cairo,Egypt,299,120
"7ea624a0-9a2d-470d-8037-155b5fb60f02",Ergonomic Wooden Sausages,"Andy shoes are designed to keeping in mind durability as well as trends, the most stylish range of shoes & sandals",MIA1 - Amazon Miami,United States of America,738,288
"7ea624a0-9a2d-470d-8037-155b5fb60f02",Ergonomic Wooden Sausages,"Andy shoes are designed to keeping in mind durability as well as trends, the most stylish range of shoes & sandals",SYD1 - Amazon Sidney,Australia,707,242
"7ea624a0-9a2d-470d-8037-155b5fb60f02",Ergonomic Wooden Sausages,"Andy shoes are designed to keeping in mind durability as well as trends, the most stylish range of shoes & sandals",SVQ1 - Amazon Sevilla,Spain,183,71
"7ea624a0-9a2d-470d-8037-155b5fb60f02",Ergonomic Wooden Sausages,"Andy shoes are designed to keeping in mind durability as well as trends, the most stylish range of shoes & sandals",PHX7 - Amazon Phoenix,United States of America,678,363
"7ea624a0-9a2d-470d-8037-155b5fb60f02",Ergonomic Wooden Sausages,"Andy shoes are designed to keeping in mind durability as well as trends, the most stylish range of shoes & sandals",DEH8 - Amazon Den Haag,Netherlands,365,105
"815ce42f-1dbb-4c51-8aac-8308a240aa2d",Bespoke Concrete Soap,The Football Is Good For Training And Recreational Purposes,POZ1 - Amazon Sady,Poland,794,299
"815ce42f-1dbb-4c51-8aac-8308a240aa2d",Bespoke Concrete Soap,The Football Is Good For Training And Recreational Purposes,DUB19 - Amazon Dublin,Ireland,269,108
"815ce42f-1dbb-4c51-8aac-8308a240aa2d",Bespoke Concrete Soap,The Football Is Good For Training And Recreational Purposes,SAD1 - Amazon San Diego,United States of America,741,325
"815ce42f-1dbb-4c51-8aac-8308a240aa2d",Bespoke Concrete Soap,The Football Is Good For Training And Recreational Purposes,CPT2 - Amazon Capetown,South Africa,198,109
"815ce42f-1dbb-4c51-8aac-8308a240aa2d",Bespoke Concrete Soap,The Football Is Good For Training And Recreational Purposes,LAS7 - Amazon Las Vegas,United States of America,701,340
"815ce42f-1dbb-4c51-8aac-8308a240aa2d",Bespoke Concrete Soap,The Football Is Good For Training And Recreational Purposes,DUS2 - Amazon Rheinberg,Germany,293,130
"8327a1c7-6a7b-4c89-a6e6-607f5963c9ed",Intelligent Plastic Bacon,The Football Is Good For Training And Recreational Purposes,NDH1  - Amazon New Delhi,India,832,320
"8327a1c7-6a7b-4c89-a6e6-607f5963c9ed",Intelligent Plastic Bacon,The Football Is Good For Training And Recreational Purposes,BVA1 - Amazon Boves,France,262,86
"8327a1c7-6a7b-4c89-a6e6-607f5963c9ed",Intelligent Plastic Bacon,The Football Is Good For Training And Recreational Purposes,DBA1 - Amazon Dubai,Emirates United States,795,266
"8327a1c7-6a7b-4c89-a6e6-607f5963c9ed",Intelligent Plastic Bacon,The Football Is Good For Training And Recreational Purposes,BUE1 - Amazon Buenos Aires,Argentina,313,104
"8327a1c7-6a7b-4c89-a6e6-607f5963c9ed",Intelligent Plastic Bacon,The Football Is Good For Training And Recreational Purposes,TOR1 - Amazon Toronto,Canada,668,251
"8327a1c7-6a7b-4c89-a6e6-607f5963c9ed",Intelligent Plastic Bacon,The Football Is Good For Training And Recreational Purposes,CPN3 - Amazon Copenaghen,Denmark,270,80
"84f4e11b-b7e3-46e9-9b60-88874f66ee0f",Licensed Soft Salad,"Boston's most advanced compression wear technology increases muscle oxygenation, stabilizes active muscles",MIA1 - Amazon Miami,United States of America,262,102
"84f4e11b-b7e3-46e9-9b60-88874f66ee0f",Licensed Soft Salad,"Boston's most advanced compression wear technology increases muscle oxygenation, stabilizes active muscles",DUB19 - Amazon Dublin,Ireland,788,283
"84f4e11b-b7e3-46e9-9b60-88874f66ee0f",Licensed Soft Salad,"Boston's most advanced compression wear technology increases muscle oxygenation, stabilizes active muscles",SYD1 - Amazon Sidney,Australia,218,118
"84f4e11b-b7e3-46e9-9b60-88874f66ee0f",Licensed Soft Salad,"Boston's most advanced compression wear technology increases muscle oxygenation, stabilizes active muscles",PHX7 - Amazon Phoenix,United States of America,271,114
"84f4e11b-b7e3-46e9-9b60-88874f66ee0f",Licensed Soft Salad,"Boston's most advanced compression wear technology increases muscle oxygenation, stabilizes active muscles",CPT2 - Amazon Capetown,South Africa,862,327
"84f4e11b-b7e3-46e9-9b60-88874f66ee0f",Licensed Soft Salad,"Boston's most advanced compression wear technology increases muscle oxygenation, stabilizes active muscles",DUS2 - Amazon Rheinberg,Germany,790,249
"89a70e93-394e-47f7-a5af-483f54a1b147",Bespoke Metal Chips,"The Apollotech B340 is an affordable wireless mouse with reliable connectivity, 12 months battery life and modern design",POZ1 - Amazon Sady,Poland,826,299
"89a70e93-394e-47f7-a5af-483f54a1b147",Bespoke Metal Chips,"The Apollotech B340 is an affordable wireless mouse with reliable connectivity, 12 months battery life and modern design",DUB19 - Amazon Dublin,Ireland,180,99
"89a70e93-394e-47f7-a5af-483f54a1b147",Bespoke Metal Chips,"The Apollotech B340 is an affordable wireless mouse with reliable connectivity, 12 months battery life and modern design",SAD1 - Amazon San Diego,United States of America,821,271
"89a70e93-394e-47f7-a5af-483f54a1b147",Bespoke Metal Chips,"The Apollotech B340 is an affordable wireless mouse with reliable connectivity, 12 months battery life and modern design",CPT2 - Amazon Capetown,South Africa,288,115
"89a70e93-394e-47f7-a5af-483f54a1b147",Bespoke Metal Chips,"The Apollotech B340 is an affordable wireless mouse with reliable connectivity, 12 months battery life and modern design",LAS7 - Amazon Las Vegas,United States of America,702,291
"89a70e93-394e-47f7-a5af-483f54a1b147",Bespoke Metal Chips,"The Apollotech B340 is an affordable wireless mouse with reliable connectivity, 12 months battery life and modern design",DUS2 - Amazon Rheinberg,Germany,291,132
"8acbf94a-2396-4d51-a673-21c67fc2cddf",Refined Cotton Chips,"New ABC 13 9370, 13.3, 5th Gen CoreA5-8250U, 8GB RAM, 256GB SSD, power UHD Graphics, OS 10 Home, OS Office A & J 2016",BER3 - Amazon Brieselang,Germany,323,93
"8acbf94a-2396-4d51-a673-21c67fc2cddf",Refined Cotton Chips,"New ABC 13 9370, 13.3, 5th Gen CoreA5-8250U, 8GB RAM, 256GB SSD, power UHD Graphics, OS 10 Home, OS Office A & J 2016",BVA1 - Amazon Boves,France,715,345
"8acbf94a-2396-4d51-a673-21c67fc2cddf",Refined Cotton Chips,"New ABC 13 9370, 13.3, 5th Gen CoreA5-8250U, 8GB RAM, 256GB SSD, power UHD Graphics, OS 10 Home, OS Office A & J 2016",WEL1 - Amazon Wels,Austria,179,111
"8acbf94a-2396-4d51-a673-21c67fc2cddf",Refined Cotton Chips,"New ABC 13 9370, 13.3, 5th Gen CoreA5-8250U, 8GB RAM, 256GB SSD, power UHD Graphics, OS 10 Home, OS Office A & J 2016",BUE1 - Amazon Buenos Aires,Argentina,711,251
"8acbf94a-2396-4d51-a673-21c67fc2cddf",Refined Cotton Chips,"New ABC 13 9370, 13.3, 5th Gen CoreA5-8250U, 8GB RAM, 256GB SSD, power UHD Graphics, OS 10 Home, OS Office A & J 2016",BOG2 - Amazon Bogota,Columbia,326,117
"8acbf94a-2396-4d51-a673-21c67fc2cddf",Refined Cotton Chips,"New ABC 13 9370, 13.3, 5th Gen CoreA5-8250U, 8GB RAM, 256GB SSD, power UHD Graphics, OS 10 Home, OS Office A & J 2016",CPN3 - Amazon Copenaghen,Denmark,787,309
"8ad57e12-481c-4070-8596-719f631f4e9c",Handcrafted Metal Gloves,"Boston's most advanced compression wear technology increases muscle oxygenation, stabilizes active muscles",BER6 - Amazon Berlin,Germany,266,84
"8ad57e12-481c-4070-8596-719f631f4e9c",Handcrafted Metal Gloves,"Boston's most advanced compression wear technology increases muscle oxygenation, stabilizes active muscles",CHI1 - Amazon Chicago,United States of America,826,285
"8ad57e12-481c-4070-8596-719f631f4e9c",Handcrafted Metal Gloves,"Boston's most advanced compression wear technology increases muscle oxygenation, stabilizes active muscles",BRX2 - Amazon Bruxelles,Belgium,241,100
"8ad57e12-481c-4070-8596-719f631f4e9c",Handcrafted Metal Gloves,"Boston's most advanced compression wear technology increases muscle oxygenation, stabilizes active muscles",SHA1 - Amazon Shanghai,China,731,254
"8ad57e12-481c-4070-8596-719f631f4e9c",Handcrafted Metal Gloves,"Boston's most advanced compression wear technology increases muscle oxygenation, stabilizes active muscles",CGN1 - Amazon Koblenz,Germany,874,329
"8ad57e12-481c-4070-8596-719f631f4e9c",Handcrafted Metal Gloves,"Boston's most advanced compression wear technology increases muscle oxygenation, stabilizes active muscles",MXP5 - Amazon Castel San Giovanni,Italy,364,111
"8c86fc61-e56a-48f5-989f-5811993863b7",Practical Metal Keyboard,The beautiful range of Apple Naturalé that has an exciting mix of natural ingredients. With the Goodness of 100% Natural Ingredients,ZRH13 - Amazon Zurich,Switzerland,716,354
"8c86fc61-e56a-48f5-989f-5811993863b7",Practical Metal Keyboard,The beautiful range of Apple Naturalé that has an exciting mix of natural ingredients. With the Goodness of 100% Natural Ingredients,MIS1 - Amazon Mississauga,Canada,768,308
"8c86fc61-e56a-48f5-989f-5811993863b7",Practical Metal Keyboard,The beautiful range of Apple Naturalé that has an exciting mix of natural ingredients. With the Goodness of 100% Natural Ingredients,BCN1 - Amazon El Prat de Llobregat,Spain,302,99
"8c86fc61-e56a-48f5-989f-5811993863b7",Practical Metal Keyboard,The beautiful range of Apple Naturalé that has an exciting mix of natural ingredients. With the Goodness of 100% Natural Ingredients,MRS1 - Amazon Montelimar,France,267,95
"8c86fc61-e56a-48f5-989f-5811993863b7",Practical Metal Keyboard,The beautiful range of Apple Naturalé that has an exciting mix of natural ingredients. With the Goodness of 100% Natural Ingredients,HOU2 - Amazon Houston,United States of America,848,260
"8c86fc61-e56a-48f5-989f-5811993863b7",Practical Metal Keyboard,The beautiful range of Apple Naturalé that has an exciting mix of natural ingredients. With the Goodness of 100% Natural Ingredients,HKG1 - Amazon Hong Kong,Hong Kong,357,93
"8cc75349-3ffc-460d-b336-a4168946c9c4",Ergonomic Bronze Table,Carbonite web goalkeeper gloves are ergonomically designed to give easy fit,POZ1 - Amazon Sady,Poland,762,243
"8cc75349-3ffc-460d-b336-a4168946c9c4",Ergonomic Bronze Table,Carbonite web goalkeeper gloves are ergonomically designed to give easy fit,DUB19 - Amazon Dublin,Ireland,260,114
"8cc75349-3ffc-460d-b336-a4168946c9c4",Ergonomic Bronze Table,Carbonite web goalkeeper gloves are ergonomically designed to give easy fit,SAD1 - Amazon San Diego,United States of America,807,300
"8cc75349-3ffc-460d-b336-a4168946c9c4",Ergonomic Bronze Table,Carbonite web goalkeeper gloves are ergonomically designed to give easy fit,CPT2 - Amazon Capetown,South Africa,295,91
"8cc75349-3ffc-460d-b336-a4168946c9c4",Ergonomic Bronze Table,Carbonite web goalkeeper gloves are ergonomically designed to give easy fit,LAS7 - Amazon Las Vegas,United States of America,802,332
"8cc75349-3ffc-460d-b336-a4168946c9c4",Ergonomic Bronze Table,Carbonite web goalkeeper gloves are ergonomically designed to give easy fit,DUS2 - Amazon Rheinberg,Germany,218,110
"8eb400b4-6396-4677-969b-bb48971f4c88",Modern Concrete Soap,The beautiful range of Apple Naturalé that has an exciting mix of natural ingredients. With the Goodness of 100% Natural Ingredients,NDH1  - Amazon New Delhi,India,704,292
"8eb400b4-6396-4677-969b-bb48971f4c88",Modern Concrete Soap,The beautiful range of Apple Naturalé that has an exciting mix of natural ingredients. With the Goodness of 100% Natural Ingredients,BVA1 - Amazon Boves,France,264,93
"8eb400b4-6396-4677-969b-bb48971f4c88",Modern Concrete Soap,The beautiful range of Apple Naturalé that has an exciting mix of natural ingredients. With the Goodness of 100% Natural Ingredients,DBA1 - Amazon Dubai,Emirates United States,927,314
"8eb400b4-6396-4677-969b-bb48971f4c88",Modern Concrete Soap,The beautiful range of Apple Naturalé that has an exciting mix of natural ingredients. With the Goodness of 100% Natural Ingredients,BUE1 - Amazon Buenos Aires,Argentina,279,124
"8eb400b4-6396-4677-969b-bb48971f4c88",Modern Concrete Soap,The beautiful range of Apple Naturalé that has an exciting mix of natural ingredients. With the Goodness of 100% Natural Ingredients,TOR1 - Amazon Toronto,Canada,716,328
"8eb400b4-6396-4677-969b-bb48971f4c88",Modern Concrete Soap,The beautiful range of Apple Naturalé that has an exciting mix of natural ingredients. With the Goodness of 100% Natural Ingredients,CPN3 - Amazon Copenaghen,Denmark,325,123
"8f0c30a4-0e34-422f-96f9-06e4385ba6e8",Recycled Metal Chips,"The automobile layout consists of a front-engine design, with transaxle-type transmissions mounted at the rear of the engine and four wheel drive",LCY1 - Amazon London,United Kingdom,793,288
"8f0c30a4-0e34-422f-96f9-06e4385ba6e8",Recycled Metal Chips,"The automobile layout consists of a front-engine design, with transaxle-type transmissions mounted at the rear of the engine and four wheel drive",CHI1 - Amazon Chicago,United States of America,284,69
"8f0c30a4-0e34-422f-96f9-06e4385ba6e8",Recycled Metal Chips,"The automobile layout consists of a front-engine design, with transaxle-type transmissions mounted at the rear of the engine and four wheel drive",SHA1 - Amazon Shanghai,China,262,106
"8f0c30a4-0e34-422f-96f9-06e4385ba6e8",Recycled Metal Chips,"The automobile layout consists of a front-engine design, with transaxle-type transmissions mounted at the rear of the engine and four wheel drive",BCR2 - Amazon Bucarest,Romania,845,314
"8f0c30a4-0e34-422f-96f9-06e4385ba6e8",Recycled Metal Chips,"The automobile layout consists of a front-engine design, with transaxle-type transmissions mounted at the rear of the engine and four wheel drive",CGN1 - Amazon Koblenz,Germany,272,110
"8f0c30a4-0e34-422f-96f9-06e4385ba6e8",Recycled Metal Chips,"The automobile layout consists of a front-engine design, with transaxle-type transmissions mounted at the rear of the engine and four wheel drive",LUX16 - Amazon Luxemburg,Luxemburg,755,245
"90e73dcd-7897-42e5-bad8-1a8d76cb29e9",Oriental Steel Shirt,Carbonite web goalkeeper gloves are ergonomically designed to give easy fit,MIA1 - Amazon Miami,United States of America,344,89
"90e73dcd-7897-42e5-bad8-1a8d76cb29e9",Oriental Steel Shirt,Carbonite web goalkeeper gloves are ergonomically designed to give easy fit,DUB19 - Amazon Dublin,Ireland,747,301
"90e73dcd-7897-42e5-bad8-1a8d76cb29e9",Oriental Steel Shirt,Carbonite web goalkeeper gloves are ergonomically designed to give easy fit,SYD1 - Amazon Sidney,Australia,248,87
"90e73dcd-7897-42e5-bad8-1a8d76cb29e9",Oriental Steel Shirt,Carbonite web goalkeeper gloves are ergonomically designed to give easy fit,PHX7 - Amazon Phoenix,United States of America,285,132
"90e73dcd-7897-42e5-bad8-1a8d76cb29e9",Oriental Steel Shirt,Carbonite web goalkeeper gloves are ergonomically designed to give easy fit,CPT2 - Amazon Capetown,South Africa,782,279
"90e73dcd-7897-42e5-bad8-1a8d76cb29e9",Oriental Steel Shirt,Carbonite web goalkeeper gloves are ergonomically designed to give easy fit,DUS2 - Amazon Rheinberg,Germany,797,255
"911a3cbd-2e09-4951-b3b2-b08d0be8e4a6",Refined Soft Ball,"Boston's most advanced compression wear technology increases muscle oxygenation, stabilizes active muscles",BER6 - Amazon Berlin,Germany,255,124
"911a3cbd-2e09-4951-b3b2-b08d0be8e4a6",Refined Soft Ball,"Boston's most advanced compression wear technology increases muscle oxygenation, stabilizes active muscles",CHI1 - Amazon Chicago,United States of America,852,219
"911a3cbd-2e09-4951-b3b2-b08d0be8e4a6",Refined Soft Ball,"Boston's most advanced compression wear technology increases muscle oxygenation, stabilizes active muscles",BRX2 - Amazon Bruxelles,Belgium,243,102
"911a3cbd-2e09-4951-b3b2-b08d0be8e4a6",Refined Soft Ball,"Boston's most advanced compression wear technology increases muscle oxygenation, stabilizes active muscles",SHA1 - Amazon Shanghai,China,722,341
"911a3cbd-2e09-4951-b3b2-b08d0be8e4a6",Refined Soft Ball,"Boston's most advanced compression wear technology increases muscle oxygenation, stabilizes active muscles",CGN1 - Amazon Koblenz,Germany,688,318
"911a3cbd-2e09-4951-b3b2-b08d0be8e4a6",Refined Soft Ball,"Boston's most advanced compression wear technology increases muscle oxygenation, stabilizes active muscles",MXP5 - Amazon Castel San Giovanni,Italy,205,61
"91e2c107-533c-41d3-b83e-70f25823e01d",Modern Steel Shoes,Carbonite web goalkeeper gloves are ergonomically designed to give easy fit,CAI1 - Amazon El Cairo,Egypt,820,280
"91e2c107-533c-41d3-b83e-70f25823e01d",Modern Steel Shoes,Carbonite web goalkeeper gloves are ergonomically designed to give easy fit,LCY1 - Amazon London,United Kingdom,301,103
"91e2c107-533c-41d3-b83e-70f25823e01d",Modern Steel Shoes,Carbonite web goalkeeper gloves are ergonomically designed to give easy fit,SVQ1 - Amazon Sevilla,Spain,731,296
"91e2c107-533c-41d3-b83e-70f25823e01d",Modern Steel Shoes,Carbonite web goalkeeper gloves are ergonomically designed to give easy fit,DEH8 - Amazon Den Haag,Netherlands,753,286
"91e2c107-533c-41d3-b83e-70f25823e01d",Modern Steel Shoes,Carbonite web goalkeeper gloves are ergonomically designed to give easy fit,BCR2 - Amazon Bucarest,Romania,329,96
"91e2c107-533c-41d3-b83e-70f25823e01d",Modern Steel Shoes,Carbonite web goalkeeper gloves are ergonomically designed to give easy fit,LUX16 - Amazon Luxemburg,Luxemburg,244,82
"93647d7e-ac48-4821-ae69-cec8564e1973",Sleek Concrete Sausages,"New ABC 13 9370, 13.3, 5th Gen CoreA5-8250U, 8GB RAM, 256GB SSD, power UHD Graphics, OS 10 Home, OS Office A & J 2016",CAI1 - Amazon El Cairo,Egypt,382,125
"93647d7e-ac48-4821-ae69-cec8564e1973",Sleek Concrete Sausages,"New ABC 13 9370, 13.3, 5th Gen CoreA5-8250U, 8GB RAM, 256GB SSD, power UHD Graphics, OS 10 Home, OS Office A & J 2016",MIA1 - Amazon Miami,United States of America,762,266
"93647d7e-ac48-4821-ae69-cec8564e1973",Sleek Concrete Sausages,"New ABC 13 9370, 13.3, 5th Gen CoreA5-8250U, 8GB RAM, 256GB SSD, power UHD Graphics, OS 10 Home, OS Office A & J 2016",SYD1 - Amazon Sidney,Australia,791,297
"93647d7e-ac48-4821-ae69-cec8564e1973",Sleek Concrete Sausages,"New ABC 13 9370, 13.3, 5th Gen CoreA5-8250U, 8GB RAM, 256GB SSD, power UHD Graphics, OS 10 Home, OS Office A & J 2016",SVQ1 - Amazon Sevilla,Spain,260,110
"93647d7e-ac48-4821-ae69-cec8564e1973",Sleek Concrete Sausages,"New ABC 13 9370, 13.3, 5th Gen CoreA5-8250U, 8GB RAM, 256GB SSD, power UHD Graphics, OS 10 Home, OS Office A & J 2016",PHX7 - Amazon Phoenix,United States of America,800,248
"93647d7e-ac48-4821-ae69-cec8564e1973",Sleek Concrete Sausages,"New ABC 13 9370, 13.3, 5th Gen CoreA5-8250U, 8GB RAM, 256GB SSD, power UHD Graphics, OS 10 Home, OS Office A & J 2016",DEH8 - Amazon Den Haag,Netherlands,365,123
"948cb8ec-44f8-433b-8b17-23d7686cb04a",Elegant Bronze Soap,"The Nagasaki Lander is the trademarked name of several series of Nagasaki sport bikes, that started with the 1984 ABC800J",SAP1 - Amazon San Paolo,Brasil,305,93
"948cb8ec-44f8-433b-8b17-23d7686cb04a",Elegant Bronze Soap,"The Nagasaki Lander is the trademarked name of several series of Nagasaki sport bikes, that started with the 1984 ABC800J",NYC1 - Amazon New York City,United States of America,900,314
"948cb8ec-44f8-433b-8b17-23d7686cb04a",Elegant Bronze Soap,"The Nagasaki Lander is the trademarked name of several series of Nagasaki sport bikes, that started with the 1984 ABC800J",LIS3 - Amazon Lisbon,Portugal,244,128
"948cb8ec-44f8-433b-8b17-23d7686cb04a",Elegant Bronze Soap,"The Nagasaki Lander is the trademarked name of several series of Nagasaki sport bikes, that started with the 1984 ABC800J",CWL1 - Amazon Swansea,United Kingdom,218,109
"948cb8ec-44f8-433b-8b17-23d7686cb04a",Elegant Bronze Soap,"The Nagasaki Lander is the trademarked name of several series of Nagasaki sport bikes, that started with the 1984 ABC800J",TKY6 - Amazon Tokyo,Japan,681,265
"948cb8ec-44f8-433b-8b17-23d7686cb04a",Elegant Bronze Soap,"The Nagasaki Lander is the trademarked name of several series of Nagasaki sport bikes, that started with the 1984 ABC800J",MXC2 - Amazon Mexico City,Mexico,823,239
"969cee7a-ab3a-486a-9507-06a04c4eef3e",Fantastic Bronze Soap,"Boston's most advanced compression wear technology increases muscle oxygenation, stabilizes active muscles",BER3 - Amazon Brieselang,Germany,373,78
"969cee7a-ab3a-486a-9507-06a04c4eef3e",Fantastic Bronze Soap,"Boston's most advanced compression wear technology increases muscle oxygenation, stabilizes active muscles",BVA1 - Amazon Boves,France,627,275
"969cee7a-ab3a-486a-9507-06a04c4eef3e",Fantastic Bronze Soap,"Boston's most advanced compression wear technology increases muscle oxygenation, stabilizes active muscles",WEL1 - Amazon Wels,Austria,180,105
"969cee7a-ab3a-486a-9507-06a04c4eef3e",Fantastic Bronze Soap,"Boston's most advanced compression wear technology increases muscle oxygenation, stabilizes active muscles",BUE1 - Amazon Buenos Aires,Argentina,673,322
"969cee7a-ab3a-486a-9507-06a04c4eef3e",Fantastic Bronze Soap,"Boston's most advanced compression wear technology increases muscle oxygenation, stabilizes active muscles",BOG2 - Amazon Bogota,Columbia,343,96
"969cee7a-ab3a-486a-9507-06a04c4eef3e",Fantastic Bronze Soap,"Boston's most advanced compression wear technology increases muscle oxygenation, stabilizes active muscles",CPN3 - Amazon Copenaghen,Denmark,887,281
"9af520f2-ae6e-44d1-89c2-79e6cdf38d96",Incredible Steel Computer,"The Apollotech B340 is an affordable wireless mouse with reliable connectivity, 12 months battery life and modern design",MAN1 - Amazon Manchester,United Kingdom,799,259
"9af520f2-ae6e-44d1-89c2-79e6cdf38d96",Incredible Steel Computer,"The Apollotech B340 is an affordable wireless mouse with reliable connectivity, 12 months battery life and modern design",ORY1 - Amazon Saran,France,714,302
"9af520f2-ae6e-44d1-89c2-79e6cdf38d96",Incredible Steel Computer,"The Apollotech B340 is an affordable wireless mouse with reliable connectivity, 12 months battery life and modern design",NYC1 - Amazon New York City,United States of America,221,126
"9af520f2-ae6e-44d1-89c2-79e6cdf38d96",Incredible Steel Computer,"The Apollotech B340 is an affordable wireless mouse with reliable connectivity, 12 months battery life and modern design",TKY6 - Amazon Tokyo,Japan,282,131
"9af520f2-ae6e-44d1-89c2-79e6cdf38d96",Incredible Steel Computer,"The Apollotech B340 is an affordable wireless mouse with reliable connectivity, 12 months battery life and modern design",FCO1 - Amazon Passo Corese,Italy,680,261
"9af520f2-ae6e-44d1-89c2-79e6cdf38d96",Incredible Steel Computer,"The Apollotech B340 is an affordable wireless mouse with reliable connectivity, 12 months battery life and modern design",MXC2 - Amazon Mexico City,Mexico,243,75
"9b3297ab-9e26-48d2-bd27-209461897b62",Rustic Rubber Mouse,"The automobile layout consists of a front-engine design, with transaxle-type transmissions mounted at the rear of the engine and four wheel drive",CAI1 - Amazon El Cairo,Egypt,295,84
"9b3297ab-9e26-48d2-bd27-209461897b62",Rustic Rubber Mouse,"The automobile layout consists of a front-engine design, with transaxle-type transmissions mounted at the rear of the engine and four wheel drive",MIA1 - Amazon Miami,United States of America,889,292
"9b3297ab-9e26-48d2-bd27-209461897b62",Rustic Rubber Mouse,"The automobile layout consists of a front-engine design, with transaxle-type transmissions mounted at the rear of the engine and four wheel drive",SYD1 - Amazon Sidney,Australia,827,301
"9b3297ab-9e26-48d2-bd27-209461897b62",Rustic Rubber Mouse,"The automobile layout consists of a front-engine design, with transaxle-type transmissions mounted at the rear of the engine and four wheel drive",SVQ1 - Amazon Sevilla,Spain,226,101
"9b3297ab-9e26-48d2-bd27-209461897b62",Rustic Rubber Mouse,"The automobile layout consists of a front-engine design, with transaxle-type transmissions mounted at the rear of the engine and four wheel drive",PHX7 - Amazon Phoenix,United States of America,777,261
"9b3297ab-9e26-48d2-bd27-209461897b62",Rustic Rubber Mouse,"The automobile layout consists of a front-engine design, with transaxle-type transmissions mounted at the rear of the engine and four wheel drive",DEH8 - Amazon Den Haag,Netherlands,264,133
"9b9f3c70-994c-4b91-b391-2fa641b99f20",Elegant Concrete Shirt,New range of formal shirts are designed keeping you in mind. With fits and styling that will make you stand apart,LCY1 - Amazon London,United Kingdom,869,303
"9b9f3c70-994c-4b91-b391-2fa641b99f20",Elegant Concrete Shirt,New range of formal shirts are designed keeping you in mind. With fits and styling that will make you stand apart,CHI1 - Amazon Chicago,United States of America,315,63
"9b9f3c70-994c-4b91-b391-2fa641b99f20",Elegant Concrete Shirt,New range of formal shirts are designed keeping you in mind. With fits and styling that will make you stand apart,SHA1 - Amazon Shanghai,China,269,77
"9b9f3c70-994c-4b91-b391-2fa641b99f20",Elegant Concrete Shirt,New range of formal shirts are designed keeping you in mind. With fits and styling that will make you stand apart,BCR2 - Amazon Bucarest,Romania,792,282
"9b9f3c70-994c-4b91-b391-2fa641b99f20",Elegant Concrete Shirt,New range of formal shirts are designed keeping you in mind. With fits and styling that will make you stand apart,CGN1 - Amazon Koblenz,Germany,311,85
"9b9f3c70-994c-4b91-b391-2fa641b99f20",Elegant Concrete Shirt,New range of formal shirts are designed keeping you in mind. With fits and styling that will make you stand apart,LUX16 - Amazon Luxemburg,Luxemburg,716,299
"9d0b1e28-fcef-47df-8ef8-7d4f6fceceeb",Elegant Cotton Chips,"The Apollotech B340 is an affordable wireless mouse with reliable connectivity, 12 months battery life and modern design",ZRH13 - Amazon Zurich,Switzerland,827,340
"9d0b1e28-fcef-47df-8ef8-7d4f6fceceeb",Elegant Cotton Chips,"The Apollotech B340 is an affordable wireless mouse with reliable connectivity, 12 months battery life and modern design",MIS1 - Amazon Mississauga,Canada,811,297
"9d0b1e28-fcef-47df-8ef8-7d4f6fceceeb",Elegant Cotton Chips,"The Apollotech B340 is an affordable wireless mouse with reliable connectivity, 12 months battery life and modern design",BCN1 - Amazon El Prat de Llobregat,Spain,275,127
"9d0b1e28-fcef-47df-8ef8-7d4f6fceceeb",Elegant Cotton Chips,"The Apollotech B340 is an affordable wireless mouse with reliable connectivity, 12 months battery life and modern design",MRS1 - Amazon Montelimar,France,256,79
"9d0b1e28-fcef-47df-8ef8-7d4f6fceceeb",Elegant Cotton Chips,"The Apollotech B340 is an affordable wireless mouse with reliable connectivity, 12 months battery life and modern design",HOU2 - Amazon Houston,United States of America,723,293
"9d0b1e28-fcef-47df-8ef8-7d4f6fceceeb",Elegant Cotton Chips,"The Apollotech B340 is an affordable wireless mouse with reliable connectivity, 12 months battery life and modern design",HKG1 - Amazon Hong Kong,Hong Kong,292,73
"9f56615f-91f9-4108-a4cf-b38518f20a9e",Ergonomic Rubber Soap,"Andy shoes are designed to keeping in mind durability as well as trends, the most stylish range of shoes & sandals",CAI1 - Amazon El Cairo,Egypt,840,302
"9f56615f-91f9-4108-a4cf-b38518f20a9e",Ergonomic Rubber Soap,"Andy shoes are designed to keeping in mind durability as well as trends, the most stylish range of shoes & sandals",LCY1 - Amazon London,United Kingdom,197,85
"9f56615f-91f9-4108-a4cf-b38518f20a9e",Ergonomic Rubber Soap,"Andy shoes are designed to keeping in mind durability as well as trends, the most stylish range of shoes & sandals",SVQ1 - Amazon Sevilla,Spain,749,211
"9f56615f-91f9-4108-a4cf-b38518f20a9e",Ergonomic Rubber Soap,"Andy shoes are designed to keeping in mind durability as well as trends, the most stylish range of shoes & sandals",DEH8 - Amazon Den Haag,Netherlands,715,354
"9f56615f-91f9-4108-a4cf-b38518f20a9e",Ergonomic Rubber Soap,"Andy shoes are designed to keeping in mind durability as well as trends, the most stylish range of shoes & sandals",BCR2 - Amazon Bucarest,Romania,251,94
"9f56615f-91f9-4108-a4cf-b38518f20a9e",Ergonomic Rubber Soap,"Andy shoes are designed to keeping in mind durability as well as trends, the most stylish range of shoes & sandals",LUX16 - Amazon Luxemburg,Luxemburg,218,105
"9f77274d-54c9-4bd8-9428-f5a24168ae1b",Bespoke Metal Cheese,"Andy shoes are designed to keeping in mind durability as well as trends, the most stylish range of shoes & sandals",BER6 - Amazon Berlin,Germany,317,92
"9f77274d-54c9-4bd8-9428-f5a24168ae1b",Bespoke Metal Cheese,"Andy shoes are designed to keeping in mind durability as well as trends, the most stylish range of shoes & sandals",CHI1 - Amazon Chicago,United States of America,666,329
"9f77274d-54c9-4bd8-9428-f5a24168ae1b",Bespoke Metal Cheese,"Andy shoes are designed to keeping in mind durability as well as trends, the most stylish range of shoes & sandals",BRX2 - Amazon Bruxelles,Belgium,296,64
"9f77274d-54c9-4bd8-9428-f5a24168ae1b",Bespoke Metal Cheese,"Andy shoes are designed to keeping in mind durability as well as trends, the most stylish range of shoes & sandals",SHA1 - Amazon Shanghai,China,765,305
"9f77274d-54c9-4bd8-9428-f5a24168ae1b",Bespoke Metal Cheese,"Andy shoes are designed to keeping in mind durability as well as trends, the most stylish range of shoes & sandals",CGN1 - Amazon Koblenz,Germany,797,318
"9f77274d-54c9-4bd8-9428-f5a24168ae1b",Bespoke Metal Cheese,"Andy shoes are designed to keeping in mind durability as well as trends, the most stylish range of shoes & sandals",MXP5 - Amazon Castel San Giovanni,Italy,239,91
a08f4202-a83d-40bd-9915-ef6c516d4c34,Handcrafted Wooden Table,The beautiful range of Apple Naturalé that has an exciting mix of natural ingredients. With the Goodness of 100% Natural Ingredients,SAP1 - Amazon San Paolo,Brasil,833,294
a08f4202-a83d-40bd-9915-ef6c516d4c34,Handcrafted Wooden Table,The beautiful range of Apple Naturalé that has an exciting mix of natural ingredients. With the Goodness of 100% Natural Ingredients,ZRH13 - Amazon Zurich,Switzerland,248,107
a08f4202-a83d-40bd-9915-ef6c516d4c34,Handcrafted Wooden Table,The beautiful range of Apple Naturalé that has an exciting mix of natural ingredients. With the Goodness of 100% Natural Ingredients,MIS1 - Amazon Mississauga,Canada,267,110
a08f4202-a83d-40bd-9915-ef6c516d4c34,Handcrafted Wooden Table,The beautiful range of Apple Naturalé that has an exciting mix of natural ingredients. With the Goodness of 100% Natural Ingredients,LIS3 - Amazon Lisbon,Portugal,718,264
a08f4202-a83d-40bd-9915-ef6c516d4c34,Handcrafted Wooden Table,The beautiful range of Apple Naturalé that has an exciting mix of natural ingredients. With the Goodness of 100% Natural Ingredients,CWL1 - Amazon Swansea,United Kingdom,805,275
a08f4202-a83d-40bd-9915-ef6c516d4c34,Handcrafted Wooden Table,The beautiful range of Apple Naturalé that has an exciting mix of natural ingredients. With the Goodness of 100% Natural Ingredients,HOU2 - Amazon Houston,United States of America,306,116
a237d8b6-3eb2-4a3a-99c1-145ceba9c87c,Practical Bronze Shirt,Ergonomic executive chair upholstered in bonded black leather and PVC padded seat and back for all-day comfort and support,POZ1 - Amazon Sady,Poland,849,267
a237d8b6-3eb2-4a3a-99c1-145ceba9c87c,Practical Bronze Shirt,Ergonomic executive chair upholstered in bonded black leather and PVC padded seat and back for all-day comfort and support,DUB19 - Amazon Dublin,Ireland,285,105
a237d8b6-3eb2-4a3a-99c1-145ceba9c87c,Practical Bronze Shirt,Ergonomic executive chair upholstered in bonded black leather and PVC padded seat and back for all-day comfort and support,SAD1 - Amazon San Diego,United States of America,807,300
a237d8b6-3eb2-4a3a-99c1-145ceba9c87c,Practical Bronze Shirt,Ergonomic executive chair upholstered in bonded black leather and PVC padded seat and back for all-day comfort and support,CPT2 - Amazon Capetown,South Africa,209,110
a237d8b6-3eb2-4a3a-99c1-145ceba9c87c,Practical Bronze Shirt,Ergonomic executive chair upholstered in bonded black leather and PVC padded seat and back for all-day comfort and support,LAS7 - Amazon Las Vegas,United States of America,634,310
a237d8b6-3eb2-4a3a-99c1-145ceba9c87c,Practical Bronze Shirt,Ergonomic executive chair upholstered in bonded black leather and PVC padded seat and back for all-day comfort and support,DUS2 - Amazon Rheinberg,Germany,292,72
a24abc3c-2bc3-4013-9a4a-c4b518a1098f,Licensed Bronze Shirt,"The Apollotech B340 is an affordable wireless mouse with reliable connectivity, 12 months battery life and modern design",POZ1 - Amazon Sady,Poland,781,322
a24abc3c-2bc3-4013-9a4a-c4b518a1098f,Licensed Bronze Shirt,"The Apollotech B340 is an affordable wireless mouse with reliable connectivity, 12 months battery life and modern design",DUB19 - Amazon Dublin,Ireland,266,102
a24abc3c-2bc3-4013-9a4a-c4b518a1098f,Licensed Bronze Shirt,"The Apollotech B340 is an affordable wireless mouse with reliable connectivity, 12 months battery life and modern design",SAD1 - Amazon San Diego,United States of America,702,262
a24abc3c-2bc3-4013-9a4a-c4b518a1098f,Licensed Bronze Shirt,"The Apollotech B340 is an affordable wireless mouse with reliable connectivity, 12 months battery life and modern design",CPT2 - Amazon Capetown,South Africa,262,105
a24abc3c-2bc3-4013-9a4a-c4b518a1098f,Licensed Bronze Shirt,"The Apollotech B340 is an affordable wireless mouse with reliable connectivity, 12 months battery life and modern design",LAS7 - Amazon Las Vegas,United States of America,949,278
a24abc3c-2bc3-4013-9a4a-c4b518a1098f,Licensed Bronze Shirt,"The Apollotech B340 is an affordable wireless mouse with reliable connectivity, 12 months battery life and modern design",DUS2 - Amazon Rheinberg,Germany,185,81
a265a254-f7a4-40b3-a7ca-5bd415acc171,Small Bronze Shirt,Carbonite web goalkeeper gloves are ergonomically designed to give easy fit,SAP1 - Amazon San Paolo,Brasil,643,283
a265a254-f7a4-40b3-a7ca-5bd415acc171,Small Bronze Shirt,Carbonite web goalkeeper gloves are ergonomically designed to give easy fit,ZRH13 - Amazon Zurich,Switzerland,226,92
a265a254-f7a4-40b3-a7ca-5bd415acc171,Small Bronze Shirt,Carbonite web goalkeeper gloves are ergonomically designed to give easy fit,MIS1 - Amazon Mississauga,Canada,260,122
a265a254-f7a4-40b3-a7ca-5bd415acc171,Small Bronze Shirt,Carbonite web goalkeeper gloves are ergonomically designed to give easy fit,LIS3 - Amazon Lisbon,Portugal,817,295
a265a254-f7a4-40b3-a7ca-5bd415acc171,Small Bronze Shirt,Carbonite web goalkeeper gloves are ergonomically designed to give easy fit,CWL1 - Amazon Swansea,United Kingdom,805,340
a265a254-f7a4-40b3-a7ca-5bd415acc171,Small Bronze Shirt,Carbonite web goalkeeper gloves are ergonomically designed to give easy fit,HOU2 - Amazon Houston,United States of America,281,77
a46a311b-80d0-4ad5-99bb-b62847ab5bce,Bespoke Metal Chips,"The automobile layout consists of a front-engine design, with transaxle-type transmissions mounted at the rear of the engine and four wheel drive",POZ1 - Amazon Sady,Poland,245,121
a46a311b-80d0-4ad5-99bb-b62847ab5bce,Bespoke Metal Chips,"The automobile layout consists of a front-engine design, with transaxle-type transmissions mounted at the rear of the engine and four wheel drive",BCN1 - Amazon El Prat de Llobregat,Spain,720,316
a46a311b-80d0-4ad5-99bb-b62847ab5bce,Bespoke Metal Chips,"The automobile layout consists of a front-engine design, with transaxle-type transmissions mounted at the rear of the engine and four wheel drive",MRS1 - Amazon Montelimar,France,684,326
a46a311b-80d0-4ad5-99bb-b62847ab5bce,Bespoke Metal Chips,"The automobile layout consists of a front-engine design, with transaxle-type transmissions mounted at the rear of the engine and four wheel drive",SAD1 - Amazon San Diego,United States of America,195,87
a46a311b-80d0-4ad5-99bb-b62847ab5bce,Bespoke Metal Chips,"The automobile layout consists of a front-engine design, with transaxle-type transmissions mounted at the rear of the engine and four wheel drive",HKG1 - Amazon Hong Kong,Hong Kong,813,303
a46a311b-80d0-4ad5-99bb-b62847ab5bce,Bespoke Metal Chips,"The automobile layout consists of a front-engine design, with transaxle-type transmissions mounted at the rear of the engine and four wheel drive",LAS7 - Amazon Las Vegas,United States of America,244,79
a5e7183a-7cd9-4a7b-84b2-2315d516c1a3,Luxurious Rubber Car,The beautiful range of Apple Naturalé that has an exciting mix of natural ingredients. With the Goodness of 100% Natural Ingredients,ZRH13 - Amazon Zurich,Switzerland,898,267
a5e7183a-7cd9-4a7b-84b2-2315d516c1a3,Luxurious Rubber Car,The beautiful range of Apple Naturalé that has an exciting mix of natural ingredients. With the Goodness of 100% Natural Ingredients,MIS1 - Amazon Mississauga,Canada,830,289
a5e7183a-7cd9-4a7b-84b2-2315d516c1a3,Luxurious Rubber Car,The beautiful range of Apple Naturalé that has an exciting mix of natural ingredients. With the Goodness of 100% Natural Ingredients,BCN1 - Amazon El Prat de Llobregat,Spain,322,121
a5e7183a-7cd9-4a7b-84b2-2315d516c1a3,Luxurious Rubber Car,The beautiful range of Apple Naturalé that has an exciting mix of natural ingredients. With the Goodness of 100% Natural Ingredients,MRS1 - Amazon Montelimar,France,245,81
a5e7183a-7cd9-4a7b-84b2-2315d516c1a3,Luxurious Rubber Car,The beautiful range of Apple Naturalé that has an exciting mix of natural ingredients. With the Goodness of 100% Natural Ingredients,HOU2 - Amazon Houston,United States of America,797,293
a5e7183a-7cd9-4a7b-84b2-2315d516c1a3,Luxurious Rubber Car,The beautiful range of Apple Naturalé that has an exciting mix of natural ingredients. With the Goodness of 100% Natural Ingredients,HKG1 - Amazon Hong Kong,Hong Kong,232,127
a6478011-d64f-4bc5-a027-0d609d871167,Gorgeous Plastic Keyboard,"New ABC 13 9370, 13.3, 5th Gen CoreA5-8250U, 8GB RAM, 256GB SSD, power UHD Graphics, OS 10 Home, OS Office A & J 2016",BER6 - Amazon Berlin,Germany,246,89
a6478011-d64f-4bc5-a027-0d609d871167,Gorgeous Plastic Keyboard,"New ABC 13 9370, 13.3, 5th Gen CoreA5-8250U, 8GB RAM, 256GB SSD, power UHD Graphics, OS 10 Home, OS Office A & J 2016",CHI1 - Amazon Chicago,United States of America,692,367
a6478011-d64f-4bc5-a027-0d609d871167,Gorgeous Plastic Keyboard,"New ABC 13 9370, 13.3, 5th Gen CoreA5-8250U, 8GB RAM, 256GB SSD, power UHD Graphics, OS 10 Home, OS Office A & J 2016",BRX2 - Amazon Bruxelles,Belgium,201,75
a6478011-d64f-4bc5-a027-0d609d871167,Gorgeous Plastic Keyboard,"New ABC 13 9370, 13.3, 5th Gen CoreA5-8250U, 8GB RAM, 256GB SSD, power UHD Graphics, OS 10 Home, OS Office A & J 2016",SHA1 - Amazon Shanghai,China,742,307
a6478011-d64f-4bc5-a027-0d609d871167,Gorgeous Plastic Keyboard,"New ABC 13 9370, 13.3, 5th Gen CoreA5-8250U, 8GB RAM, 256GB SSD, power UHD Graphics, OS 10 Home, OS Office A & J 2016",CGN1 - Amazon Koblenz,Germany,1017,279
a6478011-d64f-4bc5-a027-0d609d871167,Gorgeous Plastic Keyboard,"New ABC 13 9370, 13.3, 5th Gen CoreA5-8250U, 8GB RAM, 256GB SSD, power UHD Graphics, OS 10 Home, OS Office A & J 2016",MXP5 - Amazon Castel San Giovanni,Italy,294,120
a6dc90a4-80a9-4f35-9d4e-bb446f85e39d,Ergonomic Bronze Computer,"Boston's most advanced compression wear technology increases muscle oxygenation, stabilizes active muscles",CAI1 - Amazon El Cairo,Egypt,351,114
a6dc90a4-80a9-4f35-9d4e-bb446f85e39d,Ergonomic Bronze Computer,"Boston's most advanced compression wear technology increases muscle oxygenation, stabilizes active muscles",MIA1 - Amazon Miami,United States of America,738,295
a6dc90a4-80a9-4f35-9d4e-bb446f85e39d,Ergonomic Bronze Computer,"Boston's most advanced compression wear technology increases muscle oxygenation, stabilizes active muscles",SYD1 - Amazon Sidney,Australia,598,302
a6dc90a4-80a9-4f35-9d4e-bb446f85e39d,Ergonomic Bronze Computer,"Boston's most advanced compression wear technology increases muscle oxygenation, stabilizes active muscles",SVQ1 - Amazon Sevilla,Spain,274,73
a6dc90a4-80a9-4f35-9d4e-bb446f85e39d,Ergonomic Bronze Computer,"Boston's most advanced compression wear technology increases muscle oxygenation, stabilizes active muscles",PHX7 - Amazon Phoenix,United States of America,928,308
a6dc90a4-80a9-4f35-9d4e-bb446f85e39d,Ergonomic Bronze Computer,"Boston's most advanced compression wear technology increases muscle oxygenation, stabilizes active muscles",DEH8 - Amazon Den Haag,Netherlands,320,106
a743baa3-6881-48ea-b03c-15ee5584c5a8,Electronic Bronze Towels,The slim & simple Maple Gaming Keyboard from Dev Byte comes with a sleek body and 7- Color RGB LED Back-lighting for smart functionality,MAN1 - Amazon Manchester,United Kingdom,264,150
a743baa3-6881-48ea-b03c-15ee5584c5a8,Electronic Bronze Towels,The slim & simple Maple Gaming Keyboard from Dev Byte comes with a sleek body and 7- Color RGB LED Back-lighting for smart functionality,ORY1 - Amazon Saran,France,201,74
a743baa3-6881-48ea-b03c-15ee5584c5a8,Electronic Bronze Towels,The slim & simple Maple Gaming Keyboard from Dev Byte comes with a sleek body and 7- Color RGB LED Back-lighting for smart functionality,BER3 - Amazon Brieselang,Germany,733,290
a743baa3-6881-48ea-b03c-15ee5584c5a8,Electronic Bronze Towels,The slim & simple Maple Gaming Keyboard from Dev Byte comes with a sleek body and 7- Color RGB LED Back-lighting for smart functionality,FCO1 - Amazon Passo Corese,Italy,321,87
a743baa3-6881-48ea-b03c-15ee5584c5a8,Electronic Bronze Towels,The slim & simple Maple Gaming Keyboard from Dev Byte comes with a sleek body and 7- Color RGB LED Back-lighting for smart functionality,WEL1 - Amazon Wels,Austria,789,329
a743baa3-6881-48ea-b03c-15ee5584c5a8,Electronic Bronze Towels,The slim & simple Maple Gaming Keyboard from Dev Byte comes with a sleek body and 7- Color RGB LED Back-lighting for smart functionality,BOG2 - Amazon Bogota,Columbia,923,339
a7f2cc8c-837d-45c1-834b-96dcb7aea898,Tasty Wooden Pants,"New ABC 13 9370, 13.3, 5th Gen CoreA5-8250U, 8GB RAM, 256GB SSD, power UHD Graphics, OS 10 Home, OS Office A & J 2016",ZRH13 - Amazon Zurich,Switzerland,787,265
a7f2cc8c-837d-45c1-834b-96dcb7aea898,Tasty Wooden Pants,"New ABC 13 9370, 13.3, 5th Gen CoreA5-8250U, 8GB RAM, 256GB SSD, power UHD Graphics, OS 10 Home, OS Office A & J 2016",MIS1 - Amazon Mississauga,Canada,638,264
a7f2cc8c-837d-45c1-834b-96dcb7aea898,Tasty Wooden Pants,"New ABC 13 9370, 13.3, 5th Gen CoreA5-8250U, 8GB RAM, 256GB SSD, power UHD Graphics, OS 10 Home, OS Office A & J 2016",BCN1 - Amazon El Prat de Llobregat,Spain,238,106
a7f2cc8c-837d-45c1-834b-96dcb7aea898,Tasty Wooden Pants,"New ABC 13 9370, 13.3, 5th Gen CoreA5-8250U, 8GB RAM, 256GB SSD, power UHD Graphics, OS 10 Home, OS Office A & J 2016",MRS1 - Amazon Montelimar,France,275,82
a7f2cc8c-837d-45c1-834b-96dcb7aea898,Tasty Wooden Pants,"New ABC 13 9370, 13.3, 5th Gen CoreA5-8250U, 8GB RAM, 256GB SSD, power UHD Graphics, OS 10 Home, OS Office A & J 2016",HOU2 - Amazon Houston,United States of America,720,263
a7f2cc8c-837d-45c1-834b-96dcb7aea898,Tasty Wooden Pants,"New ABC 13 9370, 13.3, 5th Gen CoreA5-8250U, 8GB RAM, 256GB SSD, power UHD Graphics, OS 10 Home, OS Office A & J 2016",HKG1 - Amazon Hong Kong,Hong Kong,312,107
a8511735-a96d-4c0f-b2ba-0cd798dbe6db,Handcrafted Steel Gloves,"The Apollotech B340 is an affordable wireless mouse with reliable connectivity, 12 months battery life and modern design",NDH1  - Amazon New Delhi,India,867,267
a8511735-a96d-4c0f-b2ba-0cd798dbe6db,Handcrafted Steel Gloves,"The Apollotech B340 is an affordable wireless mouse with reliable connectivity, 12 months battery life and modern design",BVA1 - Amazon Boves,France,318,91
a8511735-a96d-4c0f-b2ba-0cd798dbe6db,Handcrafted Steel Gloves,"The Apollotech B340 is an affordable wireless mouse with reliable connectivity, 12 months battery life and modern design",DBA1 - Amazon Dubai,Emirates United States,688,310
a8511735-a96d-4c0f-b2ba-0cd798dbe6db,Handcrafted Steel Gloves,"The Apollotech B340 is an affordable wireless mouse with reliable connectivity, 12 months battery life and modern design",BUE1 - Amazon Buenos Aires,Argentina,248,110
a8511735-a96d-4c0f-b2ba-0cd798dbe6db,Handcrafted Steel Gloves,"The Apollotech B340 is an affordable wireless mouse with reliable connectivity, 12 months battery life and modern design",TOR1 - Amazon Toronto,Canada,990,292
a8511735-a96d-4c0f-b2ba-0cd798dbe6db,Handcrafted Steel Gloves,"The Apollotech B340 is an affordable wireless mouse with reliable connectivity, 12 months battery life and modern design",CPN3 - Amazon Copenaghen,Denmark,243,104
a8be506f-95ad-451a-9d63-1e9e55da44e9,Luxurious Soft Tuna,"Boston's most advanced compression wear technology increases muscle oxygenation, stabilizes active muscles",MAN1 - Amazon Manchester,United Kingdom,738,316
a8be506f-95ad-451a-9d63-1e9e55da44e9,Luxurious Soft Tuna,"Boston's most advanced compression wear technology increases muscle oxygenation, stabilizes active muscles",ORY1 - Amazon Saran,France,830,314
a8be506f-95ad-451a-9d63-1e9e55da44e9,Luxurious Soft Tuna,"Boston's most advanced compression wear technology increases muscle oxygenation, stabilizes active muscles",NYC1 - Amazon New York City,United States of America,345,110
a8be506f-95ad-451a-9d63-1e9e55da44e9,Luxurious Soft Tuna,"Boston's most advanced compression wear technology increases muscle oxygenation, stabilizes active muscles",TKY6 - Amazon Tokyo,Japan,338,103
a8be506f-95ad-451a-9d63-1e9e55da44e9,Luxurious Soft Tuna,"Boston's most advanced compression wear technology increases muscle oxygenation, stabilizes active muscles",FCO1 - Amazon Passo Corese,Italy,871,287
a8be506f-95ad-451a-9d63-1e9e55da44e9,Luxurious Soft Tuna,"Boston's most advanced compression wear technology increases muscle oxygenation, stabilizes active muscles",MXC2 - Amazon Mexico City,Mexico,191,104
aacf8b3c-0444-4d8a-9c67-f475f8496219,Luxurious Soft Computer,"The Apollotech B340 is an affordable wireless mouse with reliable connectivity, 12 months battery life and modern design",MAN1 - Amazon Manchester,United Kingdom,214,53
aacf8b3c-0444-4d8a-9c67-f475f8496219,Luxurious Soft Computer,"The Apollotech B340 is an affordable wireless mouse with reliable connectivity, 12 months battery life and modern design",ORY1 - Amazon Saran,France,262,114
aacf8b3c-0444-4d8a-9c67-f475f8496219,Luxurious Soft Computer,"The Apollotech B340 is an affordable wireless mouse with reliable connectivity, 12 months battery life and modern design",BER3 - Amazon Brieselang,Germany,690,288
aacf8b3c-0444-4d8a-9c67-f475f8496219,Luxurious Soft Computer,"The Apollotech B340 is an affordable wireless mouse with reliable connectivity, 12 months battery life and modern design",FCO1 - Amazon Passo Corese,Italy,304,99
aacf8b3c-0444-4d8a-9c67-f475f8496219,Luxurious Soft Computer,"The Apollotech B340 is an affordable wireless mouse with reliable connectivity, 12 months battery life and modern design",WEL1 - Amazon Wels,Austria,779,367
aacf8b3c-0444-4d8a-9c67-f475f8496219,Luxurious Soft Computer,"The Apollotech B340 is an affordable wireless mouse with reliable connectivity, 12 months battery life and modern design",BOG2 - Amazon Bogota,Columbia,826,296
aceb753a-4cba-4328-84f4-475c7ff95ef8,Generic Metal Sausages,New range of formal shirts are designed keeping you in mind. With fits and styling that will make you stand apart,LCY1 - Amazon London,United Kingdom,796,298
aceb753a-4cba-4328-84f4-475c7ff95ef8,Generic Metal Sausages,New range of formal shirts are designed keeping you in mind. With fits and styling that will make you stand apart,CHI1 - Amazon Chicago,United States of America,250,71
aceb753a-4cba-4328-84f4-475c7ff95ef8,Generic Metal Sausages,New range of formal shirts are designed keeping you in mind. With fits and styling that will make you stand apart,SHA1 - Amazon Shanghai,China,249,81
aceb753a-4cba-4328-84f4-475c7ff95ef8,Generic Metal Sausages,New range of formal shirts are designed keeping you in mind. With fits and styling that will make you stand apart,BCR2 - Amazon Bucarest,Romania,803,238
aceb753a-4cba-4328-84f4-475c7ff95ef8,Generic Metal Sausages,New range of formal shirts are designed keeping you in mind. With fits and styling that will make you stand apart,CGN1 - Amazon Koblenz,Germany,181,92
aceb753a-4cba-4328-84f4-475c7ff95ef8,Generic Metal Sausages,New range of formal shirts are designed keeping you in mind. With fits and styling that will make you stand apart,LUX16 - Amazon Luxemburg,Luxemburg,781,277
ae889e96-635a-432a-9b9d-0846ff434ddd,Awesome Metal Chips,The Football Is Good For Training And Recreational Purposes,BER6 - Amazon Berlin,Germany,268,96
ae889e96-635a-432a-9b9d-0846ff434ddd,Awesome Metal Chips,The Football Is Good For Training And Recreational Purposes,CHI1 - Amazon Chicago,United States of America,884,299
ae889e96-635a-432a-9b9d-0846ff434ddd,Awesome Metal Chips,The Football Is Good For Training And Recreational Purposes,BRX2 - Amazon Bruxelles,Belgium,225,106
ae889e96-635a-432a-9b9d-0846ff434ddd,Awesome Metal Chips,The Football Is Good For Training And Recreational Purposes,SHA1 - Amazon Shanghai,China,770,275
ae889e96-635a-432a-9b9d-0846ff434ddd,Awesome Metal Chips,The Football Is Good For Training And Recreational Purposes,CGN1 - Amazon Koblenz,Germany,763,271
ae889e96-635a-432a-9b9d-0846ff434ddd,Awesome Metal Chips,The Football Is Good For Training And Recreational Purposes,MXP5 - Amazon Castel San Giovanni,Italy,347,133
b1746d78-367d-485f-aab5-4d6ba4087aff,Oriental Concrete Chicken,"The Nagasaki Lander is the trademarked name of several series of Nagasaki sport bikes, that started with the 1984 ABC800J",CAI1 - Amazon El Cairo,Egypt,900,260
b1746d78-367d-485f-aab5-4d6ba4087aff,Oriental Concrete Chicken,"The Nagasaki Lander is the trademarked name of several series of Nagasaki sport bikes, that started with the 1984 ABC800J",LCY1 - Amazon London,United Kingdom,261,106
b1746d78-367d-485f-aab5-4d6ba4087aff,Oriental Concrete Chicken,"The Nagasaki Lander is the trademarked name of several series of Nagasaki sport bikes, that started with the 1984 ABC800J",SVQ1 - Amazon Sevilla,Spain,730,275
b1746d78-367d-485f-aab5-4d6ba4087aff,Oriental Concrete Chicken,"The Nagasaki Lander is the trademarked name of several series of Nagasaki sport bikes, that started with the 1984 ABC800J",DEH8 - Amazon Den Haag,Netherlands,863,261
b1746d78-367d-485f-aab5-4d6ba4087aff,Oriental Concrete Chicken,"The Nagasaki Lander is the trademarked name of several series of Nagasaki sport bikes, that started with the 1984 ABC800J",BCR2 - Amazon Bucarest,Romania,357,67
b1746d78-367d-485f-aab5-4d6ba4087aff,Oriental Concrete Chicken,"The Nagasaki Lander is the trademarked name of several series of Nagasaki sport bikes, that started with the 1984 ABC800J",LUX16 - Amazon Luxemburg,Luxemburg,230,87
b1fc8f54-5eb0-450a-aa69-c4eab9955322,Awesome Concrete Chicken,"New ABC 13 9370, 13.3, 5th Gen CoreA5-8250U, 8GB RAM, 256GB SSD, power UHD Graphics, OS 10 Home, OS Office A & J 2016",ZRH13 - Amazon Zurich,Switzerland,857,337
b1fc8f54-5eb0-450a-aa69-c4eab9955322,Awesome Concrete Chicken,"New ABC 13 9370, 13.3, 5th Gen CoreA5-8250U, 8GB RAM, 256GB SSD, power UHD Graphics, OS 10 Home, OS Office A & J 2016",MIS1 - Amazon Mississauga,Canada,749,288
b1fc8f54-5eb0-450a-aa69-c4eab9955322,Awesome Concrete Chicken,"New ABC 13 9370, 13.3, 5th Gen CoreA5-8250U, 8GB RAM, 256GB SSD, power UHD Graphics, OS 10 Home, OS Office A & J 2016",BCN1 - Amazon El Prat de Llobregat,Spain,323,113
b1fc8f54-5eb0-450a-aa69-c4eab9955322,Awesome Concrete Chicken,"New ABC 13 9370, 13.3, 5th Gen CoreA5-8250U, 8GB RAM, 256GB SSD, power UHD Graphics, OS 10 Home, OS Office A & J 2016",MRS1 - Amazon Montelimar,France,322,111
b1fc8f54-5eb0-450a-aa69-c4eab9955322,Awesome Concrete Chicken,"New ABC 13 9370, 13.3, 5th Gen CoreA5-8250U, 8GB RAM, 256GB SSD, power UHD Graphics, OS 10 Home, OS Office A & J 2016",HOU2 - Amazon Houston,United States of America,734,270
b1fc8f54-5eb0-450a-aa69-c4eab9955322,Awesome Concrete Chicken,"New ABC 13 9370, 13.3, 5th Gen CoreA5-8250U, 8GB RAM, 256GB SSD, power UHD Graphics, OS 10 Home, OS Office A & J 2016",HKG1 - Amazon Hong Kong,Hong Kong,199,83
b24dd980-46b0-476e-b6e6-635ce6bf339f,Recycled Soft Fish,"New ABC 13 9370, 13.3, 5th Gen CoreA5-8250U, 8GB RAM, 256GB SSD, power UHD Graphics, OS 10 Home, OS Office A & J 2016",SAP1 - Amazon San Paolo,Brasil,299,108
b24dd980-46b0-476e-b6e6-635ce6bf339f,Recycled Soft Fish,"New ABC 13 9370, 13.3, 5th Gen CoreA5-8250U, 8GB RAM, 256GB SSD, power UHD Graphics, OS 10 Home, OS Office A & J 2016",NYC1 - Amazon New York City,United States of America,803,344
b24dd980-46b0-476e-b6e6-635ce6bf339f,Recycled Soft Fish,"New ABC 13 9370, 13.3, 5th Gen CoreA5-8250U, 8GB RAM, 256GB SSD, power UHD Graphics, OS 10 Home, OS Office A & J 2016",LIS3 - Amazon Lisbon,Portugal,189,61
b24dd980-46b0-476e-b6e6-635ce6bf339f,Recycled Soft Fish,"New ABC 13 9370, 13.3, 5th Gen CoreA5-8250U, 8GB RAM, 256GB SSD, power UHD Graphics, OS 10 Home, OS Office A & J 2016",CWL1 - Amazon Swansea,United Kingdom,340,88
b24dd980-46b0-476e-b6e6-635ce6bf339f,Recycled Soft Fish,"New ABC 13 9370, 13.3, 5th Gen CoreA5-8250U, 8GB RAM, 256GB SSD, power UHD Graphics, OS 10 Home, OS Office A & J 2016",TKY6 - Amazon Tokyo,Japan,932,325
b24dd980-46b0-476e-b6e6-635ce6bf339f,Recycled Soft Fish,"New ABC 13 9370, 13.3, 5th Gen CoreA5-8250U, 8GB RAM, 256GB SSD, power UHD Graphics, OS 10 Home, OS Office A & J 2016",MXC2 - Amazon Mexico City,Mexico,806,291
b348dfaf-00ca-4ca9-a9c3-380b9161ee19,Licensed Wooden Chair,Carbonite web goalkeeper gloves are ergonomically designed to give easy fit,CAI1 - Amazon El Cairo,Egypt,239,101
b348dfaf-00ca-4ca9-a9c3-380b9161ee19,Licensed Wooden Chair,Carbonite web goalkeeper gloves are ergonomically designed to give easy fit,MIA1 - Amazon Miami,United States of America,775,299
b348dfaf-00ca-4ca9-a9c3-380b9161ee19,Licensed Wooden Chair,Carbonite web goalkeeper gloves are ergonomically designed to give easy fit,SYD1 - Amazon Sidney,Australia,688,342
b348dfaf-00ca-4ca9-a9c3-380b9161ee19,Licensed Wooden Chair,Carbonite web goalkeeper gloves are ergonomically designed to give easy fit,SVQ1 - Amazon Sevilla,Spain,240,83
b348dfaf-00ca-4ca9-a9c3-380b9161ee19,Licensed Wooden Chair,Carbonite web goalkeeper gloves are ergonomically designed to give easy fit,PHX7 - Amazon Phoenix,United States of America,904,277
b348dfaf-00ca-4ca9-a9c3-380b9161ee19,Licensed Wooden Chair,Carbonite web goalkeeper gloves are ergonomically designed to give easy fit,DEH8 - Amazon Den Haag,Netherlands,276,132
b5de2d64-786e-4381-80c1-fc7b5fb549aa,Elegant Granite Ball,Carbonite web goalkeeper gloves are ergonomically designed to give easy fit,BER3 - Amazon Brieselang,Germany,221,125
b5de2d64-786e-4381-80c1-fc7b5fb549aa,Elegant Granite Ball,Carbonite web goalkeeper gloves are ergonomically designed to give easy fit,BVA1 - Amazon Boves,France,683,274
b5de2d64-786e-4381-80c1-fc7b5fb549aa,Elegant Granite Ball,Carbonite web goalkeeper gloves are ergonomically designed to give easy fit,WEL1 - Amazon Wels,Austria,299,103
b5de2d64-786e-4381-80c1-fc7b5fb549aa,Elegant Granite Ball,Carbonite web goalkeeper gloves are ergonomically designed to give easy fit,BUE1 - Amazon Buenos Aires,Argentina,798,317
b5de2d64-786e-4381-80c1-fc7b5fb549aa,Elegant Granite Ball,Carbonite web goalkeeper gloves are ergonomically designed to give easy fit,BOG2 - Amazon Bogota,Columbia,255,84
b5de2d64-786e-4381-80c1-fc7b5fb549aa,Elegant Granite Ball,Carbonite web goalkeeper gloves are ergonomically designed to give easy fit,CPN3 - Amazon Copenaghen,Denmark,800,328
b5e39fc0-39c7-4175-88ae-207e4d71d8b1,Gorgeous Metal Pants,"New ABC 13 9370, 13.3, 5th Gen CoreA5-8250U, 8GB RAM, 256GB SSD, power UHD Graphics, OS 10 Home, OS Office A & J 2016",MAN1 - Amazon Manchester,United Kingdom,210,88
b5e39fc0-39c7-4175-88ae-207e4d71d8b1,Gorgeous Metal Pants,"New ABC 13 9370, 13.3, 5th Gen CoreA5-8250U, 8GB RAM, 256GB SSD, power UHD Graphics, OS 10 Home, OS Office A & J 2016",ORY1 - Amazon Saran,France,197,116
b5e39fc0-39c7-4175-88ae-207e4d71d8b1,Gorgeous Metal Pants,"New ABC 13 9370, 13.3, 5th Gen CoreA5-8250U, 8GB RAM, 256GB SSD, power UHD Graphics, OS 10 Home, OS Office A & J 2016",BER3 - Amazon Brieselang,Germany,711,278
b5e39fc0-39c7-4175-88ae-207e4d71d8b1,Gorgeous Metal Pants,"New ABC 13 9370, 13.3, 5th Gen CoreA5-8250U, 8GB RAM, 256GB SSD, power UHD Graphics, OS 10 Home, OS Office A & J 2016",FCO1 - Amazon Passo Corese,Italy,295,97
b5e39fc0-39c7-4175-88ae-207e4d71d8b1,Gorgeous Metal Pants,"New ABC 13 9370, 13.3, 5th Gen CoreA5-8250U, 8GB RAM, 256GB SSD, power UHD Graphics, OS 10 Home, OS Office A & J 2016",WEL1 - Amazon Wels,Austria,764,362
b5e39fc0-39c7-4175-88ae-207e4d71d8b1,Gorgeous Metal Pants,"New ABC 13 9370, 13.3, 5th Gen CoreA5-8250U, 8GB RAM, 256GB SSD, power UHD Graphics, OS 10 Home, OS Office A & J 2016",BOG2 - Amazon Bogota,Columbia,815,263
b6085d5b-4ebd-465f-bce0-d444e58c7d04,Modern Cotton Pants,"The Nagasaki Lander is the trademarked name of several series of Nagasaki sport bikes, that started with the 1984 ABC800J",CAI1 - Amazon El Cairo,Egypt,282,114
b6085d5b-4ebd-465f-bce0-d444e58c7d04,Modern Cotton Pants,"The Nagasaki Lander is the trademarked name of several series of Nagasaki sport bikes, that started with the 1984 ABC800J",MIA1 - Amazon Miami,United States of America,701,299
b6085d5b-4ebd-465f-bce0-d444e58c7d04,Modern Cotton Pants,"The Nagasaki Lander is the trademarked name of several series of Nagasaki sport bikes, that started with the 1984 ABC800J",SYD1 - Amazon Sidney,Australia,887,221
b6085d5b-4ebd-465f-bce0-d444e58c7d04,Modern Cotton Pants,"The Nagasaki Lander is the trademarked name of several series of Nagasaki sport bikes, that started with the 1984 ABC800J",SVQ1 - Amazon Sevilla,Spain,290,85
b6085d5b-4ebd-465f-bce0-d444e58c7d04,Modern Cotton Pants,"The Nagasaki Lander is the trademarked name of several series of Nagasaki sport bikes, that started with the 1984 ABC800J",PHX7 - Amazon Phoenix,United States of America,861,307
b6085d5b-4ebd-465f-bce0-d444e58c7d04,Modern Cotton Pants,"The Nagasaki Lander is the trademarked name of several series of Nagasaki sport bikes, that started with the 1984 ABC800J",DEH8 - Amazon Den Haag,Netherlands,315,96
b8430c36-5521-4289-ae76-4a94679775c8,Handmade Concrete Tuna,"Andy shoes are designed to keeping in mind durability as well as trends, the most stylish range of shoes & sandals",BER6 - Amazon Berlin,Germany,807,265
b8430c36-5521-4289-ae76-4a94679775c8,Handmade Concrete Tuna,"Andy shoes are designed to keeping in mind durability as well as trends, the most stylish range of shoes & sandals",NDH1  - Amazon New Delhi,India,311,120
b8430c36-5521-4289-ae76-4a94679775c8,Handmade Concrete Tuna,"Andy shoes are designed to keeping in mind durability as well as trends, the most stylish range of shoes & sandals",BRX2 - Amazon Bruxelles,Belgium,710,294
b8430c36-5521-4289-ae76-4a94679775c8,Handmade Concrete Tuna,"Andy shoes are designed to keeping in mind durability as well as trends, the most stylish range of shoes & sandals",DBA1 - Amazon Dubai,Emirates United States,143,94
b8430c36-5521-4289-ae76-4a94679775c8,Handmade Concrete Tuna,"Andy shoes are designed to keeping in mind durability as well as trends, the most stylish range of shoes & sandals",TOR1 - Amazon Toronto,Canada,293,85
b8430c36-5521-4289-ae76-4a94679775c8,Handmade Concrete Tuna,"Andy shoes are designed to keeping in mind durability as well as trends, the most stylish range of shoes & sandals",MXP5 - Amazon Castel San Giovanni,Italy,830,270
bacc35dd-c2bc-48b2-ab0b-8f521383a6b3,Generic Concrete Fish,"The automobile layout consists of a front-engine design, with transaxle-type transmissions mounted at the rear of the engine and four wheel drive",CAI1 - Amazon El Cairo,Egypt,739,249
bacc35dd-c2bc-48b2-ab0b-8f521383a6b3,Generic Concrete Fish,"The automobile layout consists of a front-engine design, with transaxle-type transmissions mounted at the rear of the engine and four wheel drive",LCY1 - Amazon London,United Kingdom,286,111
bacc35dd-c2bc-48b2-ab0b-8f521383a6b3,Generic Concrete Fish,"The automobile layout consists of a front-engine design, with transaxle-type transmissions mounted at the rear of the engine and four wheel drive",SVQ1 - Amazon Sevilla,Spain,742,328
bacc35dd-c2bc-48b2-ab0b-8f521383a6b3,Generic Concrete Fish,"The automobile layout consists of a front-engine design, with transaxle-type transmissions mounted at the rear of the engine and four wheel drive",DEH8 - Amazon Den Haag,Netherlands,652,273
bacc35dd-c2bc-48b2-ab0b-8f521383a6b3,Generic Concrete Fish,"The automobile layout consists of a front-engine design, with transaxle-type transmissions mounted at the rear of the engine and four wheel drive",BCR2 - Amazon Bucarest,Romania,285,110
bacc35dd-c2bc-48b2-ab0b-8f521383a6b3,Generic Concrete Fish,"The automobile layout consists of a front-engine design, with transaxle-type transmissions mounted at the rear of the engine and four wheel drive",LUX16 - Amazon Luxemburg,Luxemburg,377,106
be37e74d-7751-48ef-88f2-f18c908f7544,Recycled Fresh Pizza,Ergonomic executive chair upholstered in bonded black leather and PVC padded seat and back for all-day comfort and support,LCY1 - Amazon London,United Kingdom,711,323
be37e74d-7751-48ef-88f2-f18c908f7544,Recycled Fresh Pizza,Ergonomic executive chair upholstered in bonded black leather and PVC padded seat and back for all-day comfort and support,CHI1 - Amazon Chicago,United States of America,343,114
be37e74d-7751-48ef-88f2-f18c908f7544,Recycled Fresh Pizza,Ergonomic executive chair upholstered in bonded black leather and PVC padded seat and back for all-day comfort and support,SHA1 - Amazon Shanghai,China,260,76
be37e74d-7751-48ef-88f2-f18c908f7544,Recycled Fresh Pizza,Ergonomic executive chair upholstered in bonded black leather and PVC padded seat and back for all-day comfort and support,BCR2 - Amazon Bucarest,Romania,792,301
be37e74d-7751-48ef-88f2-f18c908f7544,Recycled Fresh Pizza,Ergonomic executive chair upholstered in bonded black leather and PVC padded seat and back for all-day comfort and support,CGN1 - Amazon Koblenz,Germany,294,84
be37e74d-7751-48ef-88f2-f18c908f7544,Recycled Fresh Pizza,Ergonomic executive chair upholstered in bonded black leather and PVC padded seat and back for all-day comfort and support,LUX16 - Amazon Luxemburg,Luxemburg,781,249
bf22d5d1-3830-4459-8578-f53336fe9373,Practical Plastic Sausages,The Football Is Good For Training And Recreational Purposes,LCY1 - Amazon London,United Kingdom,736,277
bf22d5d1-3830-4459-8578-f53336fe9373,Practical Plastic Sausages,The Football Is Good For Training And Recreational Purposes,CHI1 - Amazon Chicago,United States of America,282,71
bf22d5d1-3830-4459-8578-f53336fe9373,Practical Plastic Sausages,The Football Is Good For Training And Recreational Purposes,SHA1 - Amazon Shanghai,China,183,78
bf22d5d1-3830-4459-8578-f53336fe9373,Practical Plastic Sausages,The Football Is Good For Training And Recreational Purposes,BCR2 - Amazon Bucarest,Romania,733,331
bf22d5d1-3830-4459-8578-f53336fe9373,Practical Plastic Sausages,The Football Is Good For Training And Recreational Purposes,CGN1 - Amazon Koblenz,Germany,236,118
bf22d5d1-3830-4459-8578-f53336fe9373,Practical Plastic Sausages,The Football Is Good For Training And Recreational Purposes,LUX16 - Amazon Luxemburg,Luxemburg,923,279
bf815778-b7d6-48b3-b89d-82343faff664,Elegant Metal Ball,The beautiful range of Apple Naturalé that has an exciting mix of natural ingredients. With the Goodness of 100% Natural Ingredients,SAP1 - Amazon San Paolo,Brasil,273,86
bf815778-b7d6-48b3-b89d-82343faff664,Elegant Metal Ball,The beautiful range of Apple Naturalé that has an exciting mix of natural ingredients. With the Goodness of 100% Natural Ingredients,NYC1 - Amazon New York City,United States of America,677,262
bf815778-b7d6-48b3-b89d-82343faff664,Elegant Metal Ball,The beautiful range of Apple Naturalé that has an exciting mix of natural ingredients. With the Goodness of 100% Natural Ingredients,LIS3 - Amazon Lisbon,Portugal,329,106
bf815778-b7d6-48b3-b89d-82343faff664,Elegant Metal Ball,The beautiful range of Apple Naturalé that has an exciting mix of natural ingredients. With the Goodness of 100% Natural Ingredients,CWL1 - Amazon Swansea,United Kingdom,232,119
bf815778-b7d6-48b3-b89d-82343faff664,Elegant Metal Ball,The beautiful range of Apple Naturalé that has an exciting mix of natural ingredients. With the Goodness of 100% Natural Ingredients,TKY6 - Amazon Tokyo,Japan,754,345
bf815778-b7d6-48b3-b89d-82343faff664,Elegant Metal Ball,The beautiful range of Apple Naturalé that has an exciting mix of natural ingredients. With the Goodness of 100% Natural Ingredients,MXC2 - Amazon Mexico City,Mexico,818,306
c0888034-f2f6-4205-83a2-f0bd5f052c87,Bespoke Fresh Bacon,The beautiful range of Apple Naturalé that has an exciting mix of natural ingredients. With the Goodness of 100% Natural Ingredients,MIA1 - Amazon Miami,United States of America,257,92
c0888034-f2f6-4205-83a2-f0bd5f052c87,Bespoke Fresh Bacon,The beautiful range of Apple Naturalé that has an exciting mix of natural ingredients. With the Goodness of 100% Natural Ingredients,DUB19 - Amazon Dublin,Ireland,780,284
c0888034-f2f6-4205-83a2-f0bd5f052c87,Bespoke Fresh Bacon,The beautiful range of Apple Naturalé that has an exciting mix of natural ingredients. With the Goodness of 100% Natural Ingredients,SYD1 - Amazon Sidney,Australia,261,124
c0888034-f2f6-4205-83a2-f0bd5f052c87,Bespoke Fresh Bacon,The beautiful range of Apple Naturalé that has an exciting mix of natural ingredients. With the Goodness of 100% Natural Ingredients,PHX7 - Amazon Phoenix,United States of America,291,97
c0888034-f2f6-4205-83a2-f0bd5f052c87,Bespoke Fresh Bacon,The beautiful range of Apple Naturalé that has an exciting mix of natural ingredients. With the Goodness of 100% Natural Ingredients,CPT2 - Amazon Capetown,South Africa,721,262
c0888034-f2f6-4205-83a2-f0bd5f052c87,Bespoke Fresh Bacon,The beautiful range of Apple Naturalé that has an exciting mix of natural ingredients. With the Goodness of 100% Natural Ingredients,DUS2 - Amazon Rheinberg,Germany,786,326
c13829d3-04be-474b-bff9-e47a6a19095b,Elegant Rubber Hat,"The Nagasaki Lander is the trademarked name of several series of Nagasaki sport bikes, that started with the 1984 ABC800J",ZRH13 - Amazon Zurich,Switzerland,798,252
c13829d3-04be-474b-bff9-e47a6a19095b,Elegant Rubber Hat,"The Nagasaki Lander is the trademarked name of several series of Nagasaki sport bikes, that started with the 1984 ABC800J",MIS1 - Amazon Mississauga,Canada,739,274
c13829d3-04be-474b-bff9-e47a6a19095b,Elegant Rubber Hat,"The Nagasaki Lander is the trademarked name of several series of Nagasaki sport bikes, that started with the 1984 ABC800J",BCN1 - Amazon El Prat de Llobregat,Spain,303,72
c13829d3-04be-474b-bff9-e47a6a19095b,Elegant Rubber Hat,"The Nagasaki Lander is the trademarked name of several series of Nagasaki sport bikes, that started with the 1984 ABC800J",MRS1 - Amazon Montelimar,France,212,68
c13829d3-04be-474b-bff9-e47a6a19095b,Elegant Rubber Hat,"The Nagasaki Lander is the trademarked name of several series of Nagasaki sport bikes, that started with the 1984 ABC800J",HOU2 - Amazon Houston,United States of America,825,326
c13829d3-04be-474b-bff9-e47a6a19095b,Elegant Rubber Hat,"The Nagasaki Lander is the trademarked name of several series of Nagasaki sport bikes, that started with the 1984 ABC800J",HKG1 - Amazon Hong Kong,Hong Kong,254,86
c146abc7-f749-4d4c-a25d-38c597d3f407,Bespoke Soft Tuna,New range of formal shirts are designed keeping you in mind. With fits and styling that will make you stand apart,CAI1 - Amazon El Cairo,Egypt,811,276
c146abc7-f749-4d4c-a25d-38c597d3f407,Bespoke Soft Tuna,New range of formal shirts are designed keeping you in mind. With fits and styling that will make you stand apart,LCY1 - Amazon London,United Kingdom,304,126
c146abc7-f749-4d4c-a25d-38c597d3f407,Bespoke Soft Tuna,New range of formal shirts are designed keeping you in mind. With fits and styling that will make you stand apart,SVQ1 - Amazon Sevilla,Spain,853,238
c146abc7-f749-4d4c-a25d-38c597d3f407,Bespoke Soft Tuna,New range of formal shirts are designed keeping you in mind. With fits and styling that will make you stand apart,DEH8 - Amazon Den Haag,Netherlands,871,303
c146abc7-f749-4d4c-a25d-38c597d3f407,Bespoke Soft Tuna,New range of formal shirts are designed keeping you in mind. With fits and styling that will make you stand apart,BCR2 - Amazon Bucarest,Romania,243,84
c146abc7-f749-4d4c-a25d-38c597d3f407,Bespoke Soft Tuna,New range of formal shirts are designed keeping you in mind. With fits and styling that will make you stand apart,LUX16 - Amazon Luxemburg,Luxemburg,220,85
c14bc453-5c0e-43d5-968e-43d73ed735c3,Oriental Fresh Cheese,Ergonomic executive chair upholstered in bonded black leather and PVC padded seat and back for all-day comfort and support,POZ1 - Amazon Sady,Poland,248,117
c14bc453-5c0e-43d5-968e-43d73ed735c3,Oriental Fresh Cheese,Ergonomic executive chair upholstered in bonded black leather and PVC padded seat and back for all-day comfort and support,BCN1 - Amazon El Prat de Llobregat,Spain,797,334
c14bc453-5c0e-43d5-968e-43d73ed735c3,Oriental Fresh Cheese,Ergonomic executive chair upholstered in bonded black leather and PVC padded seat and back for all-day comfort and support,MRS1 - Amazon Montelimar,France,792,301
c14bc453-5c0e-43d5-968e-43d73ed735c3,Oriental Fresh Cheese,Ergonomic executive chair upholstered in bonded black leather and PVC padded seat and back for all-day comfort and support,SAD1 - Amazon San Diego,United States of America,233,90
c14bc453-5c0e-43d5-968e-43d73ed735c3,Oriental Fresh Cheese,Ergonomic executive chair upholstered in bonded black leather and PVC padded seat and back for all-day comfort and support,HKG1 - Amazon Hong Kong,Hong Kong,715,262
c14bc453-5c0e-43d5-968e-43d73ed735c3,Oriental Fresh Cheese,Ergonomic executive chair upholstered in bonded black leather and PVC padded seat and back for all-day comfort and support,LAS7 - Amazon Las Vegas,United States of America,238,107
c1bb3a3b-cc86-4563-b760-7fbada902ce8,Elegant Steel Towels,Carbonite web goalkeeper gloves are ergonomically designed to give easy fit,MAN1 - Amazon Manchester,United Kingdom,257,80
c1bb3a3b-cc86-4563-b760-7fbada902ce8,Elegant Steel Towels,Carbonite web goalkeeper gloves are ergonomically designed to give easy fit,ORY1 - Amazon Saran,France,261,76
c1bb3a3b-cc86-4563-b760-7fbada902ce8,Elegant Steel Towels,Carbonite web goalkeeper gloves are ergonomically designed to give easy fit,BER3 - Amazon Brieselang,Germany,688,257
c1bb3a3b-cc86-4563-b760-7fbada902ce8,Elegant Steel Towels,Carbonite web goalkeeper gloves are ergonomically designed to give easy fit,FCO1 - Amazon Passo Corese,Italy,290,63
c1bb3a3b-cc86-4563-b760-7fbada902ce8,Elegant Steel Towels,Carbonite web goalkeeper gloves are ergonomically designed to give easy fit,WEL1 - Amazon Wels,Austria,846,318
c1bb3a3b-cc86-4563-b760-7fbada902ce8,Elegant Steel Towels,Carbonite web goalkeeper gloves are ergonomically designed to give easy fit,BOG2 - Amazon Bogota,Columbia,807,219
c4e4a808-c1e7-422f-84ac-2c95281a6a8e,Electronic Cotton Chair,Carbonite web goalkeeper gloves are ergonomically designed to give easy fit,MIA1 - Amazon Miami,United States of America,286,61
c4e4a808-c1e7-422f-84ac-2c95281a6a8e,Electronic Cotton Chair,Carbonite web goalkeeper gloves are ergonomically designed to give easy fit,DUB19 - Amazon Dublin,Ireland,898,302
c4e4a808-c1e7-422f-84ac-2c95281a6a8e,Electronic Cotton Chair,Carbonite web goalkeeper gloves are ergonomically designed to give easy fit,SYD1 - Amazon Sidney,Australia,256,121
c4e4a808-c1e7-422f-84ac-2c95281a6a8e,Electronic Cotton Chair,Carbonite web goalkeeper gloves are ergonomically designed to give easy fit,PHX7 - Amazon Phoenix,United States of America,306,137
c4e4a808-c1e7-422f-84ac-2c95281a6a8e,Electronic Cotton Chair,Carbonite web goalkeeper gloves are ergonomically designed to give easy fit,CPT2 - Amazon Capetown,South Africa,705,305
c4e4a808-c1e7-422f-84ac-2c95281a6a8e,Electronic Cotton Chair,Carbonite web goalkeeper gloves are ergonomically designed to give easy fit,DUS2 - Amazon Rheinberg,Germany,781,267
c5a5c85d-3e41-4e0d-af0d-d17e464a3e9f,Rustic Bronze Pants,"The Nagasaki Lander is the trademarked name of several series of Nagasaki sport bikes, that started with the 1984 ABC800J",MAN1 - Amazon Manchester,United Kingdom,338,100
c5a5c85d-3e41-4e0d-af0d-d17e464a3e9f,Rustic Bronze Pants,"The Nagasaki Lander is the trademarked name of several series of Nagasaki sport bikes, that started with the 1984 ABC800J",ORY1 - Amazon Saran,France,364,103
c5a5c85d-3e41-4e0d-af0d-d17e464a3e9f,Rustic Bronze Pants,"The Nagasaki Lander is the trademarked name of several series of Nagasaki sport bikes, that started with the 1984 ABC800J",BER3 - Amazon Brieselang,Germany,759,297
c5a5c85d-3e41-4e0d-af0d-d17e464a3e9f,Rustic Bronze Pants,"The Nagasaki Lander is the trademarked name of several series of Nagasaki sport bikes, that started with the 1984 ABC800J",FCO1 - Amazon Passo Corese,Italy,197,78
c5a5c85d-3e41-4e0d-af0d-d17e464a3e9f,Rustic Bronze Pants,"The Nagasaki Lander is the trademarked name of several series of Nagasaki sport bikes, that started with the 1984 ABC800J",WEL1 - Amazon Wels,Austria,796,353
c5a5c85d-3e41-4e0d-af0d-d17e464a3e9f,Rustic Bronze Pants,"The Nagasaki Lander is the trademarked name of several series of Nagasaki sport bikes, that started with the 1984 ABC800J",BOG2 - Amazon Bogota,Columbia,764,323
c93f7d18-3cdb-4cad-95db-68979cf6c2b9,Incredible Metal Pizza,The beautiful range of Apple Naturalé that has an exciting mix of natural ingredients. With the Goodness of 100% Natural Ingredients,ZRH13 - Amazon Zurich,Switzerland,924,308
c93f7d18-3cdb-4cad-95db-68979cf6c2b9,Incredible Metal Pizza,The beautiful range of Apple Naturalé that has an exciting mix of natural ingredients. With the Goodness of 100% Natural Ingredients,MIS1 - Amazon Mississauga,Canada,818,286
c93f7d18-3cdb-4cad-95db-68979cf6c2b9,Incredible Metal Pizza,The beautiful range of Apple Naturalé that has an exciting mix of natural ingredients. With the Goodness of 100% Natural Ingredients,BCN1 - Amazon El Prat de Llobregat,Spain,250,135
c93f7d18-3cdb-4cad-95db-68979cf6c2b9,Incredible Metal Pizza,The beautiful range of Apple Naturalé that has an exciting mix of natural ingredients. With the Goodness of 100% Natural Ingredients,MRS1 - Amazon Montelimar,France,241,93
c93f7d18-3cdb-4cad-95db-68979cf6c2b9,Incredible Metal Pizza,The beautiful range of Apple Naturalé that has an exciting mix of natural ingredients. With the Goodness of 100% Natural Ingredients,HOU2 - Amazon Houston,United States of America,791,261
c93f7d18-3cdb-4cad-95db-68979cf6c2b9,Incredible Metal Pizza,The beautiful range of Apple Naturalé that has an exciting mix of natural ingredients. With the Goodness of 100% Natural Ingredients,HKG1 - Amazon Hong Kong,Hong Kong,282,113
c990bc75-bedc-40f7-94fe-f7775cf6bfc2,Oriental Fresh Bacon,"The automobile layout consists of a front-engine design, with transaxle-type transmissions mounted at the rear of the engine and four wheel drive",MIA1 - Amazon Miami,United States of America,272,99
c990bc75-bedc-40f7-94fe-f7775cf6bfc2,Oriental Fresh Bacon,"The automobile layout consists of a front-engine design, with transaxle-type transmissions mounted at the rear of the engine and four wheel drive",DUB19 - Amazon Dublin,Ireland,783,299
c990bc75-bedc-40f7-94fe-f7775cf6bfc2,Oriental Fresh Bacon,"The automobile layout consists of a front-engine design, with transaxle-type transmissions mounted at the rear of the engine and four wheel drive",SYD1 - Amazon Sidney,Australia,251,81
c990bc75-bedc-40f7-94fe-f7775cf6bfc2,Oriental Fresh Bacon,"The automobile layout consists of a front-engine design, with transaxle-type transmissions mounted at the rear of the engine and four wheel drive",PHX7 - Amazon Phoenix,United States of America,273,121
c990bc75-bedc-40f7-94fe-f7775cf6bfc2,Oriental Fresh Bacon,"The automobile layout consists of a front-engine design, with transaxle-type transmissions mounted at the rear of the engine and four wheel drive",CPT2 - Amazon Capetown,South Africa,658,340
c990bc75-bedc-40f7-94fe-f7775cf6bfc2,Oriental Fresh Bacon,"The automobile layout consists of a front-engine design, with transaxle-type transmissions mounted at the rear of the engine and four wheel drive",DUS2 - Amazon Rheinberg,Germany,704,355
ca57e39c-d989-4665-9889-ebbec36b1975,Oriental Fresh Chicken,The beautiful range of Apple Naturalé that has an exciting mix of natural ingredients. With the Goodness of 100% Natural Ingredients,MAN1 - Amazon Manchester,United Kingdom,321,71
ca57e39c-d989-4665-9889-ebbec36b1975,Oriental Fresh Chicken,The beautiful range of Apple Naturalé that has an exciting mix of natural ingredients. With the Goodness of 100% Natural Ingredients,ORY1 - Amazon Saran,France,326,97
ca57e39c-d989-4665-9889-ebbec36b1975,Oriental Fresh Chicken,The beautiful range of Apple Naturalé that has an exciting mix of natural ingredients. With the Goodness of 100% Natural Ingredients,BER3 - Amazon Brieselang,Germany,879,302
ca57e39c-d989-4665-9889-ebbec36b1975,Oriental Fresh Chicken,The beautiful range of Apple Naturalé that has an exciting mix of natural ingredients. With the Goodness of 100% Natural Ingredients,FCO1 - Amazon Passo Corese,Italy,266,89
ca57e39c-d989-4665-9889-ebbec36b1975,Oriental Fresh Chicken,The beautiful range of Apple Naturalé that has an exciting mix of natural ingredients. With the Goodness of 100% Natural Ingredients,WEL1 - Amazon Wels,Austria,859,255
ca57e39c-d989-4665-9889-ebbec36b1975,Oriental Fresh Chicken,The beautiful range of Apple Naturalé that has an exciting mix of natural ingredients. With the Goodness of 100% Natural Ingredients,BOG2 - Amazon Bogota,Columbia,739,215
ce836423-abdb-4acb-a119-3128c688f67b,Handmade Fresh Shirt,"Andy shoes are designed to keeping in mind durability as well as trends, the most stylish range of shoes & sandals",SAP1 - Amazon San Paolo,Brasil,344,107
ce836423-abdb-4acb-a119-3128c688f67b,Handmade Fresh Shirt,"Andy shoes are designed to keeping in mind durability as well as trends, the most stylish range of shoes & sandals",NYC1 - Amazon New York City,United States of America,832,254
ce836423-abdb-4acb-a119-3128c688f67b,Handmade Fresh Shirt,"Andy shoes are designed to keeping in mind durability as well as trends, the most stylish range of shoes & sandals",LIS3 - Amazon Lisbon,Portugal,246,108
ce836423-abdb-4acb-a119-3128c688f67b,Handmade Fresh Shirt,"Andy shoes are designed to keeping in mind durability as well as trends, the most stylish range of shoes & sandals",CWL1 - Amazon Swansea,United Kingdom,250,88
ce836423-abdb-4acb-a119-3128c688f67b,Handmade Fresh Shirt,"Andy shoes are designed to keeping in mind durability as well as trends, the most stylish range of shoes & sandals",TKY6 - Amazon Tokyo,Japan,813,291
ce836423-abdb-4acb-a119-3128c688f67b,Handmade Fresh Shirt,"Andy shoes are designed to keeping in mind durability as well as trends, the most stylish range of shoes & sandals",MXC2 - Amazon Mexico City,Mexico,731,288
d4031851-a14f-474a-8205-0d970999fabc,Intelligent Bronze Shoes,"The automobile layout consists of a front-engine design, with transaxle-type transmissions mounted at the rear of the engine and four wheel drive",NDH1  - Amazon New Delhi,India,765,342
d4031851-a14f-474a-8205-0d970999fabc,Intelligent Bronze Shoes,"The automobile layout consists of a front-engine design, with transaxle-type transmissions mounted at the rear of the engine and four wheel drive",BVA1 - Amazon Boves,France,322,137
d4031851-a14f-474a-8205-0d970999fabc,Intelligent Bronze Shoes,"The automobile layout consists of a front-engine design, with transaxle-type transmissions mounted at the rear of the engine and four wheel drive",DBA1 - Amazon Dubai,Emirates United States,776,333
d4031851-a14f-474a-8205-0d970999fabc,Intelligent Bronze Shoes,"The automobile layout consists of a front-engine design, with transaxle-type transmissions mounted at the rear of the engine and four wheel drive",BUE1 - Amazon Buenos Aires,Argentina,239,84
d4031851-a14f-474a-8205-0d970999fabc,Intelligent Bronze Shoes,"The automobile layout consists of a front-engine design, with transaxle-type transmissions mounted at the rear of the engine and four wheel drive",TOR1 - Amazon Toronto,Canada,689,263
d4031851-a14f-474a-8205-0d970999fabc,Intelligent Bronze Shoes,"The automobile layout consists of a front-engine design, with transaxle-type transmissions mounted at the rear of the engine and four wheel drive",CPN3 - Amazon Copenaghen,Denmark,248,95
d961e74e-5347-456d-ac5f-6ea53a7823a3,Small Wooden Bike,"New ABC 13 9370, 13.3, 5th Gen CoreA5-8250U, 8GB RAM, 256GB SSD, power UHD Graphics, OS 10 Home, OS Office A & J 2016",BER3 - Amazon Brieselang,Germany,228,52
d961e74e-5347-456d-ac5f-6ea53a7823a3,Small Wooden Bike,"New ABC 13 9370, 13.3, 5th Gen CoreA5-8250U, 8GB RAM, 256GB SSD, power UHD Graphics, OS 10 Home, OS Office A & J 2016",BVA1 - Amazon Boves,France,713,263
d961e74e-5347-456d-ac5f-6ea53a7823a3,Small Wooden Bike,"New ABC 13 9370, 13.3, 5th Gen CoreA5-8250U, 8GB RAM, 256GB SSD, power UHD Graphics, OS 10 Home, OS Office A & J 2016",WEL1 - Amazon Wels,Austria,329,78
d961e74e-5347-456d-ac5f-6ea53a7823a3,Small Wooden Bike,"New ABC 13 9370, 13.3, 5th Gen CoreA5-8250U, 8GB RAM, 256GB SSD, power UHD Graphics, OS 10 Home, OS Office A & J 2016",BUE1 - Amazon Buenos Aires,Argentina,726,292
d961e74e-5347-456d-ac5f-6ea53a7823a3,Small Wooden Bike,"New ABC 13 9370, 13.3, 5th Gen CoreA5-8250U, 8GB RAM, 256GB SSD, power UHD Graphics, OS 10 Home, OS Office A & J 2016",BOG2 - Amazon Bogota,Columbia,313,99
d961e74e-5347-456d-ac5f-6ea53a7823a3,Small Wooden Bike,"New ABC 13 9370, 13.3, 5th Gen CoreA5-8250U, 8GB RAM, 256GB SSD, power UHD Graphics, OS 10 Home, OS Office A & J 2016",CPN3 - Amazon Copenaghen,Denmark,725,282
da087fa3-5b39-41ff-a711-756239be8fd7,Electronic Frozen Chips,"The Nagasaki Lander is the trademarked name of several series of Nagasaki sport bikes, that started with the 1984 ABC800J",NDH1  - Amazon New Delhi,India,740,286
da087fa3-5b39-41ff-a711-756239be8fd7,Electronic Frozen Chips,"The Nagasaki Lander is the trademarked name of several series of Nagasaki sport bikes, that started with the 1984 ABC800J",BVA1 - Amazon Boves,France,307,98
da087fa3-5b39-41ff-a711-756239be8fd7,Electronic Frozen Chips,"The Nagasaki Lander is the trademarked name of several series of Nagasaki sport bikes, that started with the 1984 ABC800J",DBA1 - Amazon Dubai,Emirates United States,836,346
da087fa3-5b39-41ff-a711-756239be8fd7,Electronic Frozen Chips,"The Nagasaki Lander is the trademarked name of several series of Nagasaki sport bikes, that started with the 1984 ABC800J",BUE1 - Amazon Buenos Aires,Argentina,378,107
da087fa3-5b39-41ff-a711-756239be8fd7,Electronic Frozen Chips,"The Nagasaki Lander is the trademarked name of several series of Nagasaki sport bikes, that started with the 1984 ABC800J",TOR1 - Amazon Toronto,Canada,631,280
da087fa3-5b39-41ff-a711-756239be8fd7,Electronic Frozen Chips,"The Nagasaki Lander is the trademarked name of several series of Nagasaki sport bikes, that started with the 1984 ABC800J",CPN3 - Amazon Copenaghen,Denmark,274,83
db5ed845-e645-4b8e-8076-6d2af52a6661,Recycled Bronze Table,"The automobile layout consists of a front-engine design, with transaxle-type transmissions mounted at the rear of the engine and four wheel drive",MAN1 - Amazon Manchester,United Kingdom,205,104
db5ed845-e645-4b8e-8076-6d2af52a6661,Recycled Bronze Table,"The automobile layout consists of a front-engine design, with transaxle-type transmissions mounted at the rear of the engine and four wheel drive",ORY1 - Amazon Saran,France,239,133
db5ed845-e645-4b8e-8076-6d2af52a6661,Recycled Bronze Table,"The automobile layout consists of a front-engine design, with transaxle-type transmissions mounted at the rear of the engine and four wheel drive",BER3 - Amazon Brieselang,Germany,699,277
db5ed845-e645-4b8e-8076-6d2af52a6661,Recycled Bronze Table,"The automobile layout consists of a front-engine design, with transaxle-type transmissions mounted at the rear of the engine and four wheel drive",FCO1 - Amazon Passo Corese,Italy,258,75
db5ed845-e645-4b8e-8076-6d2af52a6661,Recycled Bronze Table,"The automobile layout consists of a front-engine design, with transaxle-type transmissions mounted at the rear of the engine and four wheel drive",WEL1 - Amazon Wels,Austria,707,294
db5ed845-e645-4b8e-8076-6d2af52a6661,Recycled Bronze Table,"The automobile layout consists of a front-engine design, with transaxle-type transmissions mounted at the rear of the engine and four wheel drive",BOG2 - Amazon Bogota,Columbia,806,358
dbbd7c0d-600f-4ec6-96f1-161c2b335098,Incredible Bronze Chips,"The Apollotech B340 is an affordable wireless mouse with reliable connectivity, 12 months battery life and modern design",MIA1 - Amazon Miami,United States of America,278,127
dbbd7c0d-600f-4ec6-96f1-161c2b335098,Incredible Bronze Chips,"The Apollotech B340 is an affordable wireless mouse with reliable connectivity, 12 months battery life and modern design",DUB19 - Amazon Dublin,Ireland,740,280
dbbd7c0d-600f-4ec6-96f1-161c2b335098,Incredible Bronze Chips,"The Apollotech B340 is an affordable wireless mouse with reliable connectivity, 12 months battery life and modern design",SYD1 - Amazon Sidney,Australia,247,74
dbbd7c0d-600f-4ec6-96f1-161c2b335098,Incredible Bronze Chips,"The Apollotech B340 is an affordable wireless mouse with reliable connectivity, 12 months battery life and modern design",PHX7 - Amazon Phoenix,United States of America,155,65
dbbd7c0d-600f-4ec6-96f1-161c2b335098,Incredible Bronze Chips,"The Apollotech B340 is an affordable wireless mouse with reliable connectivity, 12 months battery life and modern design",CPT2 - Amazon Capetown,South Africa,769,262
dbbd7c0d-600f-4ec6-96f1-161c2b335098,Incredible Bronze Chips,"The Apollotech B340 is an affordable wireless mouse with reliable connectivity, 12 months battery life and modern design",DUS2 - Amazon Rheinberg,Germany,675,308
df030da2-b877-4274-9dfd-94e9c43e1a0c,Sleek Plastic Table,"The automobile layout consists of a front-engine design, with transaxle-type transmissions mounted at the rear of the engine and four wheel drive",ZRH13 - Amazon Zurich,Switzerland,729,295
df030da2-b877-4274-9dfd-94e9c43e1a0c,Sleek Plastic Table,"The automobile layout consists of a front-engine design, with transaxle-type transmissions mounted at the rear of the engine and four wheel drive",MIS1 - Amazon Mississauga,Canada,788,288
df030da2-b877-4274-9dfd-94e9c43e1a0c,Sleek Plastic Table,"The automobile layout consists of a front-engine design, with transaxle-type transmissions mounted at the rear of the engine and four wheel drive",BCN1 - Amazon El Prat de Llobregat,Spain,306,112
df030da2-b877-4274-9dfd-94e9c43e1a0c,Sleek Plastic Table,"The automobile layout consists of a front-engine design, with transaxle-type transmissions mounted at the rear of the engine and four wheel drive",MRS1 - Amazon Montelimar,France,278,99
df030da2-b877-4274-9dfd-94e9c43e1a0c,Sleek Plastic Table,"The automobile layout consists of a front-engine design, with transaxle-type transmissions mounted at the rear of the engine and four wheel drive",HOU2 - Amazon Houston,United States of America,647,289
df030da2-b877-4274-9dfd-94e9c43e1a0c,Sleek Plastic Table,"The automobile layout consists of a front-engine design, with transaxle-type transmissions mounted at the rear of the engine and four wheel drive",HKG1 - Amazon Hong Kong,Hong Kong,248,90
e02e37a4-5e4c-471f-971e-8ad5a484956e,Awesome Soft Fish,"The automobile layout consists of a front-engine design, with transaxle-type transmissions mounted at the rear of the engine and four wheel drive",BER6 - Amazon Berlin,Germany,700,316
e02e37a4-5e4c-471f-971e-8ad5a484956e,Awesome Soft Fish,"The automobile layout consists of a front-engine design, with transaxle-type transmissions mounted at the rear of the engine and four wheel drive",NDH1  - Amazon New Delhi,India,302,112
e02e37a4-5e4c-471f-971e-8ad5a484956e,Awesome Soft Fish,"The automobile layout consists of a front-engine design, with transaxle-type transmissions mounted at the rear of the engine and four wheel drive",BRX2 - Amazon Bruxelles,Belgium,788,279
e02e37a4-5e4c-471f-971e-8ad5a484956e,Awesome Soft Fish,"The automobile layout consists of a front-engine design, with transaxle-type transmissions mounted at the rear of the engine and four wheel drive",DBA1 - Amazon Dubai,Emirates United States,263,82
e02e37a4-5e4c-471f-971e-8ad5a484956e,Awesome Soft Fish,"The automobile layout consists of a front-engine design, with transaxle-type transmissions mounted at the rear of the engine and four wheel drive",TOR1 - Amazon Toronto,Canada,245,64
e02e37a4-5e4c-471f-971e-8ad5a484956e,Awesome Soft Fish,"The automobile layout consists of a front-engine design, with transaxle-type transmissions mounted at the rear of the engine and four wheel drive",MXP5 - Amazon Castel San Giovanni,Italy,679,282
e3748d82-2ca7-4f59-85a0-ea25e2923a6f,Sleek Steel Fish,"The Apollotech B340 is an affordable wireless mouse with reliable connectivity, 12 months battery life and modern design",POZ1 - Amazon Sady,Poland,753,287
e3748d82-2ca7-4f59-85a0-ea25e2923a6f,Sleek Steel Fish,"The Apollotech B340 is an affordable wireless mouse with reliable connectivity, 12 months battery life and modern design",DUB19 - Amazon Dublin,Ireland,292,130
e3748d82-2ca7-4f59-85a0-ea25e2923a6f,Sleek Steel Fish,"The Apollotech B340 is an affordable wireless mouse with reliable connectivity, 12 months battery life and modern design",SAD1 - Amazon San Diego,United States of America,793,289
e3748d82-2ca7-4f59-85a0-ea25e2923a6f,Sleek Steel Fish,"The Apollotech B340 is an affordable wireless mouse with reliable connectivity, 12 months battery life and modern design",CPT2 - Amazon Capetown,South Africa,284,103
e3748d82-2ca7-4f59-85a0-ea25e2923a6f,Sleek Steel Fish,"The Apollotech B340 is an affordable wireless mouse with reliable connectivity, 12 months battery life and modern design",LAS7 - Amazon Las Vegas,United States of America,945,279
e3748d82-2ca7-4f59-85a0-ea25e2923a6f,Sleek Steel Fish,"The Apollotech B340 is an affordable wireless mouse with reliable connectivity, 12 months battery life and modern design",DUS2 - Amazon Rheinberg,Germany,206,100
e443c69d-6eb1-47f9-afd1-0b0c8ba059c3,Handcrafted Concrete Ball,"Andy shoes are designed to keeping in mind durability as well as trends, the most stylish range of shoes & sandals",ZRH13 - Amazon Zurich,Switzerland,799,312
e443c69d-6eb1-47f9-afd1-0b0c8ba059c3,Handcrafted Concrete Ball,"Andy shoes are designed to keeping in mind durability as well as trends, the most stylish range of shoes & sandals",MIS1 - Amazon Mississauga,Canada,659,305
e443c69d-6eb1-47f9-afd1-0b0c8ba059c3,Handcrafted Concrete Ball,"Andy shoes are designed to keeping in mind durability as well as trends, the most stylish range of shoes & sandals",BCN1 - Amazon El Prat de Llobregat,Spain,343,50
e443c69d-6eb1-47f9-afd1-0b0c8ba059c3,Handcrafted Concrete Ball,"Andy shoes are designed to keeping in mind durability as well as trends, the most stylish range of shoes & sandals",MRS1 - Amazon Montelimar,France,257,100
e443c69d-6eb1-47f9-afd1-0b0c8ba059c3,Handcrafted Concrete Ball,"Andy shoes are designed to keeping in mind durability as well as trends, the most stylish range of shoes & sandals",HOU2 - Amazon Houston,United States of America,686,308
e443c69d-6eb1-47f9-afd1-0b0c8ba059c3,Handcrafted Concrete Ball,"Andy shoes are designed to keeping in mind durability as well as trends, the most stylish range of shoes & sandals",HKG1 - Amazon Hong Kong,Hong Kong,222,119
e4b7e63f-f6a0-44a2-a5ef-3937894fd187,Tasty Fresh Mouse,Carbonite web goalkeeper gloves are ergonomically designed to give easy fit,MIA1 - Amazon Miami,United States of America,360,99
e4b7e63f-f6a0-44a2-a5ef-3937894fd187,Tasty Fresh Mouse,Carbonite web goalkeeper gloves are ergonomically designed to give easy fit,DUB19 - Amazon Dublin,Ireland,770,269
e4b7e63f-f6a0-44a2-a5ef-3937894fd187,Tasty Fresh Mouse,Carbonite web goalkeeper gloves are ergonomically designed to give easy fit,SYD1 - Amazon Sidney,Australia,268,99
e4b7e63f-f6a0-44a2-a5ef-3937894fd187,Tasty Fresh Mouse,Carbonite web goalkeeper gloves are ergonomically designed to give easy fit,PHX7 - Amazon Phoenix,United States of America,254,111
e4b7e63f-f6a0-44a2-a5ef-3937894fd187,Tasty Fresh Mouse,Carbonite web goalkeeper gloves are ergonomically designed to give easy fit,CPT2 - Amazon Capetown,South Africa,854,308
e4b7e63f-f6a0-44a2-a5ef-3937894fd187,Tasty Fresh Mouse,Carbonite web goalkeeper gloves are ergonomically designed to give easy fit,DUS2 - Amazon Rheinberg,Germany,737,284
e613d8d3-b9fd-4ec2-9873-fc332c499977,Fantastic Fresh Towels,The beautiful range of Apple Naturalé that has an exciting mix of natural ingredients. With the Goodness of 100% Natural Ingredients,LCY1 - Amazon London,United Kingdom,707,325
e613d8d3-b9fd-4ec2-9873-fc332c499977,Fantastic Fresh Towels,The beautiful range of Apple Naturalé that has an exciting mix of natural ingredients. With the Goodness of 100% Natural Ingredients,CHI1 - Amazon Chicago,United States of America,239,104
e613d8d3-b9fd-4ec2-9873-fc332c499977,Fantastic Fresh Towels,The beautiful range of Apple Naturalé that has an exciting mix of natural ingredients. With the Goodness of 100% Natural Ingredients,SHA1 - Amazon Shanghai,China,230,116
e613d8d3-b9fd-4ec2-9873-fc332c499977,Fantastic Fresh Towels,The beautiful range of Apple Naturalé that has an exciting mix of natural ingredients. With the Goodness of 100% Natural Ingredients,BCR2 - Amazon Bucarest,Romania,804,347
e613d8d3-b9fd-4ec2-9873-fc332c499977,Fantastic Fresh Towels,The beautiful range of Apple Naturalé that has an exciting mix of natural ingredients. With the Goodness of 100% Natural Ingredients,CGN1 - Amazon Koblenz,Germany,273,115
e613d8d3-b9fd-4ec2-9873-fc332c499977,Fantastic Fresh Towels,The beautiful range of Apple Naturalé that has an exciting mix of natural ingredients. With the Goodness of 100% Natural Ingredients,LUX16 - Amazon Luxemburg,Luxemburg,811,286
e619d654-b457-4265-acfa-11959e3864e0,Recycled Metal Salad,The beautiful range of Apple Naturalé that has an exciting mix of natural ingredients. With the Goodness of 100% Natural Ingredients,BER6 - Amazon Berlin,Germany,241,75
e619d654-b457-4265-acfa-11959e3864e0,Recycled Metal Salad,The beautiful range of Apple Naturalé that has an exciting mix of natural ingredients. With the Goodness of 100% Natural Ingredients,CHI1 - Amazon Chicago,United States of America,877,293
e619d654-b457-4265-acfa-11959e3864e0,Recycled Metal Salad,The beautiful range of Apple Naturalé that has an exciting mix of natural ingredients. With the Goodness of 100% Natural Ingredients,BRX2 - Amazon Bruxelles,Belgium,320,108
e619d654-b457-4265-acfa-11959e3864e0,Recycled Metal Salad,The beautiful range of Apple Naturalé that has an exciting mix of natural ingredients. With the Goodness of 100% Natural Ingredients,SHA1 - Amazon Shanghai,China,847,290
e619d654-b457-4265-acfa-11959e3864e0,Recycled Metal Salad,The beautiful range of Apple Naturalé that has an exciting mix of natural ingredients. With the Goodness of 100% Natural Ingredients,CGN1 - Amazon Koblenz,Germany,769,286
e619d654-b457-4265-acfa-11959e3864e0,Recycled Metal Salad,The beautiful range of Apple Naturalé that has an exciting mix of natural ingredients. With the Goodness of 100% Natural Ingredients,MXP5 - Amazon Castel San Giovanni,Italy,323,92
e7e5bb51-44ff-4750-881c-5539a117793f,Unbranded Concrete Ball,"Boston's most advanced compression wear technology increases muscle oxygenation, stabilizes active muscles",BER3 - Amazon Brieselang,Germany,256,101
e7e5bb51-44ff-4750-881c-5539a117793f,Unbranded Concrete Ball,"Boston's most advanced compression wear technology increases muscle oxygenation, stabilizes active muscles",BVA1 - Amazon Boves,France,832,255
e7e5bb51-44ff-4750-881c-5539a117793f,Unbranded Concrete Ball,"Boston's most advanced compression wear technology increases muscle oxygenation, stabilizes active muscles",WEL1 - Amazon Wels,Austria,272,79
e7e5bb51-44ff-4750-881c-5539a117793f,Unbranded Concrete Ball,"Boston's most advanced compression wear technology increases muscle oxygenation, stabilizes active muscles",BUE1 - Amazon Buenos Aires,Argentina,788,325
e7e5bb51-44ff-4750-881c-5539a117793f,Unbranded Concrete Ball,"Boston's most advanced compression wear technology increases muscle oxygenation, stabilizes active muscles",BOG2 - Amazon Bogota,Columbia,238,96
e7e5bb51-44ff-4750-881c-5539a117793f,Unbranded Concrete Ball,"Boston's most advanced compression wear technology increases muscle oxygenation, stabilizes active muscles",CPN3 - Amazon Copenaghen,Denmark,826,303
e7fb43de-37f1-4b62-8369-4061ba69cd17,Handmade Wooden Mouse,Carbonite web goalkeeper gloves are ergonomically designed to give easy fit,MAN1 - Amazon Manchester,United Kingdom,684,250
e7fb43de-37f1-4b62-8369-4061ba69cd17,Handmade Wooden Mouse,Carbonite web goalkeeper gloves are ergonomically designed to give easy fit,ORY1 - Amazon Saran,France,897,366
e7fb43de-37f1-4b62-8369-4061ba69cd17,Handmade Wooden Mouse,Carbonite web goalkeeper gloves are ergonomically designed to give easy fit,NYC1 - Amazon New York City,United States of America,291,80
e7fb43de-37f1-4b62-8369-4061ba69cd17,Handmade Wooden Mouse,Carbonite web goalkeeper gloves are ergonomically designed to give easy fit,TKY6 - Amazon Tokyo,Japan,261,109
e7fb43de-37f1-4b62-8369-4061ba69cd17,Handmade Wooden Mouse,Carbonite web goalkeeper gloves are ergonomically designed to give easy fit,FCO1 - Amazon Passo Corese,Italy,881,259
e7fb43de-37f1-4b62-8369-4061ba69cd17,Handmade Wooden Mouse,Carbonite web goalkeeper gloves are ergonomically designed to give easy fit,MXC2 - Amazon Mexico City,Mexico,230,104
e94b2684-e9c4-4ba1-912c-f066a824269b,Luxurious Concrete Table,New range of formal shirts are designed keeping you in mind. With fits and styling that will make you stand apart,SAP1 - Amazon San Paolo,Brasil,879,327
e94b2684-e9c4-4ba1-912c-f066a824269b,Luxurious Concrete Table,New range of formal shirts are designed keeping you in mind. With fits and styling that will make you stand apart,ZRH13 - Amazon Zurich,Switzerland,205,111
e94b2684-e9c4-4ba1-912c-f066a824269b,Luxurious Concrete Table,New range of formal shirts are designed keeping you in mind. With fits and styling that will make you stand apart,MIS1 - Amazon Mississauga,Canada,251,135
e94b2684-e9c4-4ba1-912c-f066a824269b,Luxurious Concrete Table,New range of formal shirts are designed keeping you in mind. With fits and styling that will make you stand apart,LIS3 - Amazon Lisbon,Portugal,897,295
e94b2684-e9c4-4ba1-912c-f066a824269b,Luxurious Concrete Table,New range of formal shirts are designed keeping you in mind. With fits and styling that will make you stand apart,CWL1 - Amazon Swansea,United Kingdom,708,275
e94b2684-e9c4-4ba1-912c-f066a824269b,Luxurious Concrete Table,New range of formal shirts are designed keeping you in mind. With fits and styling that will make you stand apart,HOU2 - Amazon Houston,United States of America,335,92
ed2597d3-0e23-45ea-aee9-b98554f75bbc,Modern Bronze Chips,Carbonite web goalkeeper gloves are ergonomically designed to give easy fit,NDH1  - Amazon New Delhi,India,764,302
ed2597d3-0e23-45ea-aee9-b98554f75bbc,Modern Bronze Chips,Carbonite web goalkeeper gloves are ergonomically designed to give easy fit,BVA1 - Amazon Boves,France,219,83
ed2597d3-0e23-45ea-aee9-b98554f75bbc,Modern Bronze Chips,Carbonite web goalkeeper gloves are ergonomically designed to give easy fit,DBA1 - Amazon Dubai,Emirates United States,669,293
ed2597d3-0e23-45ea-aee9-b98554f75bbc,Modern Bronze Chips,Carbonite web goalkeeper gloves are ergonomically designed to give easy fit,BUE1 - Amazon Buenos Aires,Argentina,329,95
ed2597d3-0e23-45ea-aee9-b98554f75bbc,Modern Bronze Chips,Carbonite web goalkeeper gloves are ergonomically designed to give easy fit,TOR1 - Amazon Toronto,Canada,701,285
ed2597d3-0e23-45ea-aee9-b98554f75bbc,Modern Bronze Chips,Carbonite web goalkeeper gloves are ergonomically designed to give easy fit,CPN3 - Amazon Copenaghen,Denmark,248,154
edd700d8-b7f9-4ae8-8213-dbc39df19110,Tasty Steel Towels,Carbonite web goalkeeper gloves are ergonomically designed to give easy fit,BER6 - Amazon Berlin,Germany,222,83
edd700d8-b7f9-4ae8-8213-dbc39df19110,Tasty Steel Towels,Carbonite web goalkeeper gloves are ergonomically designed to give easy fit,CHI1 - Amazon Chicago,United States of America,916,293
edd700d8-b7f9-4ae8-8213-dbc39df19110,Tasty Steel Towels,Carbonite web goalkeeper gloves are ergonomically designed to give easy fit,BRX2 - Amazon Bruxelles,Belgium,291,106
edd700d8-b7f9-4ae8-8213-dbc39df19110,Tasty Steel Towels,Carbonite web goalkeeper gloves are ergonomically designed to give easy fit,SHA1 - Amazon Shanghai,China,629,332
edd700d8-b7f9-4ae8-8213-dbc39df19110,Tasty Steel Towels,Carbonite web goalkeeper gloves are ergonomically designed to give easy fit,CGN1 - Amazon Koblenz,Germany,822,282
edd700d8-b7f9-4ae8-8213-dbc39df19110,Tasty Steel Towels,Carbonite web goalkeeper gloves are ergonomically designed to give easy fit,MXP5 - Amazon Castel San Giovanni,Italy,227,89
f1b383aa-3e67-4fb1-89bf-455205f7422c,Incredible Frozen Chair,The Football Is Good For Training And Recreational Purposes,NDH1  - Amazon New Delhi,India,835,302
f1b383aa-3e67-4fb1-89bf-455205f7422c,Incredible Frozen Chair,The Football Is Good For Training And Recreational Purposes,BVA1 - Amazon Boves,France,224,99
f1b383aa-3e67-4fb1-89bf-455205f7422c,Incredible Frozen Chair,The Football Is Good For Training And Recreational Purposes,DBA1 - Amazon Dubai,Emirates United States,791,267
f1b383aa-3e67-4fb1-89bf-455205f7422c,Incredible Frozen Chair,The Football Is Good For Training And Recreational Purposes,BUE1 - Amazon Buenos Aires,Argentina,313,102
f1b383aa-3e67-4fb1-89bf-455205f7422c,Incredible Frozen Chair,The Football Is Good For Training And Recreational Purposes,TOR1 - Amazon Toronto,Canada,716,268
f1b383aa-3e67-4fb1-89bf-455205f7422c,Incredible Frozen Chair,The Football Is Good For Training And Recreational Purposes,CPN3 - Amazon Copenaghen,Denmark,285,97
f1ffd976-a2c3-4c2a-8af2-3d836bd3b9e8,Ergonomic Fresh Gloves,The slim & simple Maple Gaming Keyboard from Dev Byte comes with a sleek body and 7- Color RGB LED Back-lighting for smart functionality,POZ1 - Amazon Sady,Poland,815,273
f1ffd976-a2c3-4c2a-8af2-3d836bd3b9e8,Ergonomic Fresh Gloves,The slim & simple Maple Gaming Keyboard from Dev Byte comes with a sleek body and 7- Color RGB LED Back-lighting for smart functionality,DUB19 - Amazon Dublin,Ireland,309,113
f1ffd976-a2c3-4c2a-8af2-3d836bd3b9e8,Ergonomic Fresh Gloves,The slim & simple Maple Gaming Keyboard from Dev Byte comes with a sleek body and 7- Color RGB LED Back-lighting for smart functionality,SAD1 - Amazon San Diego,United States of America,813,275
f1ffd976-a2c3-4c2a-8af2-3d836bd3b9e8,Ergonomic Fresh Gloves,The slim & simple Maple Gaming Keyboard from Dev Byte comes with a sleek body and 7- Color RGB LED Back-lighting for smart functionality,CPT2 - Amazon Capetown,South Africa,258,121
f1ffd976-a2c3-4c2a-8af2-3d836bd3b9e8,Ergonomic Fresh Gloves,The slim & simple Maple Gaming Keyboard from Dev Byte comes with a sleek body and 7- Color RGB LED Back-lighting for smart functionality,LAS7 - Amazon Las Vegas,United States of America,937,282
f1ffd976-a2c3-4c2a-8af2-3d836bd3b9e8,Ergonomic Fresh Gloves,The slim & simple Maple Gaming Keyboard from Dev Byte comes with a sleek body and 7- Color RGB LED Back-lighting for smart functionality,DUS2 - Amazon Rheinberg,Germany,328,132
f274ecae-4147-436f-9f55-7ffa5eb3b890,Modern Plastic Bike,The beautiful range of Apple Naturalé that has an exciting mix of natural ingredients. With the Goodness of 100% Natural Ingredients,BER6 - Amazon Berlin,Germany,274,128
f274ecae-4147-436f-9f55-7ffa5eb3b890,Modern Plastic Bike,The beautiful range of Apple Naturalé that has an exciting mix of natural ingredients. With the Goodness of 100% Natural Ingredients,CHI1 - Amazon Chicago,United States of America,729,305
f274ecae-4147-436f-9f55-7ffa5eb3b890,Modern Plastic Bike,The beautiful range of Apple Naturalé that has an exciting mix of natural ingredients. With the Goodness of 100% Natural Ingredients,BRX2 - Amazon Bruxelles,Belgium,224,67
f274ecae-4147-436f-9f55-7ffa5eb3b890,Modern Plastic Bike,The beautiful range of Apple Naturalé that has an exciting mix of natural ingredients. With the Goodness of 100% Natural Ingredients,SHA1 - Amazon Shanghai,China,804,294
f274ecae-4147-436f-9f55-7ffa5eb3b890,Modern Plastic Bike,The beautiful range of Apple Naturalé that has an exciting mix of natural ingredients. With the Goodness of 100% Natural Ingredients,CGN1 - Amazon Koblenz,Germany,784,287
f274ecae-4147-436f-9f55-7ffa5eb3b890,Modern Plastic Bike,The beautiful range of Apple Naturalé that has an exciting mix of natural ingredients. With the Goodness of 100% Natural Ingredients,MXP5 - Amazon Castel San Giovanni,Italy,378,110
f2a4a7f8-0a5d-4fa6-9718-2c71b22f6439,Generic Rubber Car,"The Apollotech B340 is an affordable wireless mouse with reliable connectivity, 12 months battery life and modern design",MAN1 - Amazon Manchester,United Kingdom,763,304
f2a4a7f8-0a5d-4fa6-9718-2c71b22f6439,Generic Rubber Car,"The Apollotech B340 is an affordable wireless mouse with reliable connectivity, 12 months battery life and modern design",ORY1 - Amazon Saran,France,794,271
f2a4a7f8-0a5d-4fa6-9718-2c71b22f6439,Generic Rubber Car,"The Apollotech B340 is an affordable wireless mouse with reliable connectivity, 12 months battery life and modern design",NYC1 - Amazon New York City,United States of America,287,102
f2a4a7f8-0a5d-4fa6-9718-2c71b22f6439,Generic Rubber Car,"The Apollotech B340 is an affordable wireless mouse with reliable connectivity, 12 months battery life and modern design",TKY6 - Amazon Tokyo,Japan,305,88
f2a4a7f8-0a5d-4fa6-9718-2c71b22f6439,Generic Rubber Car,"The Apollotech B340 is an affordable wireless mouse with reliable connectivity, 12 months battery life and modern design",FCO1 - Amazon Passo Corese,Italy,652,281
f2a4a7f8-0a5d-4fa6-9718-2c71b22f6439,Generic Rubber Car,"The Apollotech B340 is an affordable wireless mouse with reliable connectivity, 12 months battery life and modern design",MXC2 - Amazon Mexico City,Mexico,347,75
f2ce7d21-d01c-499c-98fc-ce8303ac83e5,Modern Plastic Shoes,The beautiful range of Apple Naturalé that has an exciting mix of natural ingredients. With the Goodness of 100% Natural Ingredients,CAI1 - Amazon El Cairo,Egypt,240,70
f2ce7d21-d01c-499c-98fc-ce8303ac83e5,Modern Plastic Shoes,The beautiful range of Apple Naturalé that has an exciting mix of natural ingredients. With the Goodness of 100% Natural Ingredients,MIA1 - Amazon Miami,United States of America,824,309
f2ce7d21-d01c-499c-98fc-ce8303ac83e5,Modern Plastic Shoes,The beautiful range of Apple Naturalé that has an exciting mix of natural ingredients. With the Goodness of 100% Natural Ingredients,SYD1 - Amazon Sidney,Australia,850,284
f2ce7d21-d01c-499c-98fc-ce8303ac83e5,Modern Plastic Shoes,The beautiful range of Apple Naturalé that has an exciting mix of natural ingredients. With the Goodness of 100% Natural Ingredients,SVQ1 - Amazon Sevilla,Spain,334,105
f2ce7d21-d01c-499c-98fc-ce8303ac83e5,Modern Plastic Shoes,The beautiful range of Apple Naturalé that has an exciting mix of natural ingredients. With the Goodness of 100% Natural Ingredients,PHX7 - Amazon Phoenix,United States of America,823,308
f2ce7d21-d01c-499c-98fc-ce8303ac83e5,Modern Plastic Shoes,The beautiful range of Apple Naturalé that has an exciting mix of natural ingredients. With the Goodness of 100% Natural Ingredients,DEH8 - Amazon Den Haag,Netherlands,326,107
f2f12754-981b-4d54-aad1-c4090ab3cc95,Intelligent Frozen Computer,"Andy shoes are designed to keeping in mind durability as well as trends, the most stylish range of shoes & sandals",BER6 - Amazon Berlin,Germany,679,290
f2f12754-981b-4d54-aad1-c4090ab3cc95,Intelligent Frozen Computer,"Andy shoes are designed to keeping in mind durability as well as trends, the most stylish range of shoes & sandals",NDH1  - Amazon New Delhi,India,287,97
f2f12754-981b-4d54-aad1-c4090ab3cc95,Intelligent Frozen Computer,"Andy shoes are designed to keeping in mind durability as well as trends, the most stylish range of shoes & sandals",BRX2 - Amazon Bruxelles,Belgium,749,312
f2f12754-981b-4d54-aad1-c4090ab3cc95,Intelligent Frozen Computer,"Andy shoes are designed to keeping in mind durability as well as trends, the most stylish range of shoes & sandals",DBA1 - Amazon Dubai,Emirates United States,297,108
f2f12754-981b-4d54-aad1-c4090ab3cc95,Intelligent Frozen Computer,"Andy shoes are designed to keeping in mind durability as well as trends, the most stylish range of shoes & sandals",TOR1 - Amazon Toronto,Canada,290,105
f2f12754-981b-4d54-aad1-c4090ab3cc95,Intelligent Frozen Computer,"Andy shoes are designed to keeping in mind durability as well as trends, the most stylish range of shoes & sandals",MXP5 - Amazon Castel San Giovanni,Italy,702,314
f2fae842-d729-4afc-860f-ab7058531ac3,Tasty Wooden Hat,"Boston's most advanced compression wear technology increases muscle oxygenation, stabilizes active muscles",SAP1 - Amazon San Paolo,Brasil,794,298
f2fae842-d729-4afc-860f-ab7058531ac3,Tasty Wooden Hat,"Boston's most advanced compression wear technology increases muscle oxygenation, stabilizes active muscles",ZRH13 - Amazon Zurich,Switzerland,354,103
f2fae842-d729-4afc-860f-ab7058531ac3,Tasty Wooden Hat,"Boston's most advanced compression wear technology increases muscle oxygenation, stabilizes active muscles",MIS1 - Amazon Mississauga,Canada,297,96
f2fae842-d729-4afc-860f-ab7058531ac3,Tasty Wooden Hat,"Boston's most advanced compression wear technology increases muscle oxygenation, stabilizes active muscles",LIS3 - Amazon Lisbon,Portugal,838,288
f2fae842-d729-4afc-860f-ab7058531ac3,Tasty Wooden Hat,"Boston's most advanced compression wear technology increases muscle oxygenation, stabilizes active muscles",CWL1 - Amazon Swansea,United Kingdom,733,357
f2fae842-d729-4afc-860f-ab7058531ac3,Tasty Wooden Hat,"Boston's most advanced compression wear technology increases muscle oxygenation, stabilizes active muscles",HOU2 - Amazon Houston,United States of America,276,83
f5cca253-7874-410e-8779-3f4aac396e02,Unbranded Granite Gloves,Ergonomic executive chair upholstered in bonded black leather and PVC padded seat and back for all-day comfort and support,POZ1 - Amazon Sady,Poland,888,280
f5cca253-7874-410e-8779-3f4aac396e02,Unbranded Granite Gloves,Ergonomic executive chair upholstered in bonded black leather and PVC padded seat and back for all-day comfort and support,DUB19 - Amazon Dublin,Ireland,271,85
f5cca253-7874-410e-8779-3f4aac396e02,Unbranded Granite Gloves,Ergonomic executive chair upholstered in bonded black leather and PVC padded seat and back for all-day comfort and support,SAD1 - Amazon San Diego,United States of America,858,296
f5cca253-7874-410e-8779-3f4aac396e02,Unbranded Granite Gloves,Ergonomic executive chair upholstered in bonded black leather and PVC padded seat and back for all-day comfort and support,CPT2 - Amazon Capetown,South Africa,269,88
f5cca253-7874-410e-8779-3f4aac396e02,Unbranded Granite Gloves,Ergonomic executive chair upholstered in bonded black leather and PVC padded seat and back for all-day comfort and support,LAS7 - Amazon Las Vegas,United States of America,709,284
f5cca253-7874-410e-8779-3f4aac396e02,Unbranded Granite Gloves,Ergonomic executive chair upholstered in bonded black leather and PVC padded seat and back for all-day comfort and support,DUS2 - Amazon Rheinberg,Germany,336,104
f6eed39a-68de-462d-8035-d0d6247fd31a,Recycled Cotton Towels,"The Apollotech B340 is an affordable wireless mouse with reliable connectivity, 12 months battery life and modern design",ZRH13 - Amazon Zurich,Switzerland,652,273
f6eed39a-68de-462d-8035-d0d6247fd31a,Recycled Cotton Towels,"The Apollotech B340 is an affordable wireless mouse with reliable connectivity, 12 months battery life and modern design",MIS1 - Amazon Mississauga,Canada,812,320
f6eed39a-68de-462d-8035-d0d6247fd31a,Recycled Cotton Towels,"The Apollotech B340 is an affordable wireless mouse with reliable connectivity, 12 months battery life and modern design",BCN1 - Amazon El Prat de Llobregat,Spain,237,75
f6eed39a-68de-462d-8035-d0d6247fd31a,Recycled Cotton Towels,"The Apollotech B340 is an affordable wireless mouse with reliable connectivity, 12 months battery life and modern design",MRS1 - Amazon Montelimar,France,306,96
f6eed39a-68de-462d-8035-d0d6247fd31a,Recycled Cotton Towels,"The Apollotech B340 is an affordable wireless mouse with reliable connectivity, 12 months battery life and modern design",HOU2 - Amazon Houston,United States of America,837,277
f6eed39a-68de-462d-8035-d0d6247fd31a,Recycled Cotton Towels,"The Apollotech B340 is an affordable wireless mouse with reliable connectivity, 12 months battery life and modern design",HKG1 - Amazon Hong Kong,Hong Kong,226,121
f93bbe09-9beb-4c00-a520-7828c1939387,Awesome Wooden Towels,Ergonomic executive chair upholstered in bonded black leather and PVC padded seat and back for all-day comfort and support,POZ1 - Amazon Sady,Poland,262,93
f93bbe09-9beb-4c00-a520-7828c1939387,Awesome Wooden Towels,Ergonomic executive chair upholstered in bonded black leather and PVC padded seat and back for all-day comfort and support,BCN1 - Amazon El Prat de Llobregat,Spain,811,290
f93bbe09-9beb-4c00-a520-7828c1939387,Awesome Wooden Towels,Ergonomic executive chair upholstered in bonded black leather and PVC padded seat and back for all-day comfort and support,MRS1 - Amazon Montelimar,France,770,324
f93bbe09-9beb-4c00-a520-7828c1939387,Awesome Wooden Towels,Ergonomic executive chair upholstered in bonded black leather and PVC padded seat and back for all-day comfort and support,SAD1 - Amazon San Diego,United States of America,275,96
f93bbe09-9beb-4c00-a520-7828c1939387,Awesome Wooden Towels,Ergonomic executive chair upholstered in bonded black leather and PVC padded seat and back for all-day comfort and support,HKG1 - Amazon Hong Kong,Hong Kong,658,277
f93bbe09-9beb-4c00-a520-7828c1939387,Awesome Wooden Towels,Ergonomic executive chair upholstered in bonded black leather and PVC padded seat and back for all-day comfort and support,LAS7 - Amazon Las Vegas,United States of America,191,99
f988af70-e8cf-4f8d-92c9-cc6246a7deb9,Tasty Metal Computer,Ergonomic executive chair upholstered in bonded black leather and PVC padded seat and back for all-day comfort and support,MAN1 - Amazon Manchester,United Kingdom,280,96
f988af70-e8cf-4f8d-92c9-cc6246a7deb9,Tasty Metal Computer,Ergonomic executive chair upholstered in bonded black leather and PVC padded seat and back for all-day comfort and support,ORY1 - Amazon Saran,France,295,71
f988af70-e8cf-4f8d-92c9-cc6246a7deb9,Tasty Metal Computer,Ergonomic executive chair upholstered in bonded black leather and PVC padded seat and back for all-day comfort and support,BER3 - Amazon Brieselang,Germany,747,325
f988af70-e8cf-4f8d-92c9-cc6246a7deb9,Tasty Metal Computer,Ergonomic executive chair upholstered in bonded black leather and PVC padded seat and back for all-day comfort and support,FCO1 - Amazon Passo Corese,Italy,248,139
f988af70-e8cf-4f8d-92c9-cc6246a7deb9,Tasty Metal Computer,Ergonomic executive chair upholstered in bonded black leather and PVC padded seat and back for all-day comfort and support,WEL1 - Amazon Wels,Austria,751,298
f988af70-e8cf-4f8d-92c9-cc6246a7deb9,Tasty Metal Computer,Ergonomic executive chair upholstered in bonded black leather and PVC padded seat and back for all-day comfort and support,BOG2 - Amazon Bogota,Columbia,862,253
faedac59-0a88-4811-8449-7054fa3f1a79,Sleek Wooden Gloves,Ergonomic executive chair upholstered in bonded black leather and PVC padded seat and back for all-day comfort and support,CAI1 - Amazon El Cairo,Egypt,363,136
faedac59-0a88-4811-8449-7054fa3f1a79,Sleek Wooden Gloves,Ergonomic executive chair upholstered in bonded black leather and PVC padded seat and back for all-day comfort and support,MIA1 - Amazon Miami,United States of America,784,307
faedac59-0a88-4811-8449-7054fa3f1a79,Sleek Wooden Gloves,Ergonomic executive chair upholstered in bonded black leather and PVC padded seat and back for all-day comfort and support,SYD1 - Amazon Sidney,Australia,858,274
faedac59-0a88-4811-8449-7054fa3f1a79,Sleek Wooden Gloves,Ergonomic executive chair upholstered in bonded black leather and PVC padded seat and back for all-day comfort and support,SVQ1 - Amazon Sevilla,Spain,308,102
faedac59-0a88-4811-8449-7054fa3f1a79,Sleek Wooden Gloves,Ergonomic executive chair upholstered in bonded black leather and PVC padded seat and back for all-day comfort and support,PHX7 - Amazon Phoenix,United States of America,617,275
faedac59-0a88-4811-8449-7054fa3f1a79,Sleek Wooden Gloves,Ergonomic executive chair upholstered in bonded black leather and PVC padded seat and back for all-day comfort and support,DEH8 - Amazon Den Haag,Netherlands,227,110
fb433d92-4362-41cd-b2d3-fa51efa94dca,Ergonomic Concrete Shirt,The beautiful range of Apple Naturalé that has an exciting mix of natural ingredients. With the Goodness of 100% Natural Ingredients,NDH1  - Amazon New Delhi,India,847,269
fb433d92-4362-41cd-b2d3-fa51efa94dca,Ergonomic Concrete Shirt,The beautiful range of Apple Naturalé that has an exciting mix of natural ingredients. With the Goodness of 100% Natural Ingredients,BVA1 - Amazon Boves,France,325,93
fb433d92-4362-41cd-b2d3-fa51efa94dca,Ergonomic Concrete Shirt,The beautiful range of Apple Naturalé that has an exciting mix of natural ingredients. With the Goodness of 100% Natural Ingredients,DBA1 - Amazon Dubai,Emirates United States,737,286
fb433d92-4362-41cd-b2d3-fa51efa94dca,Ergonomic Concrete Shirt,The beautiful range of Apple Naturalé that has an exciting mix of natural ingredients. With the Goodness of 100% Natural Ingredients,BUE1 - Amazon Buenos Aires,Argentina,210,79
fb433d92-4362-41cd-b2d3-fa51efa94dca,Ergonomic Concrete Shirt,The beautiful range of Apple Naturalé that has an exciting mix of natural ingredients. With the Goodness of 100% Natural Ingredients,TOR1 - Amazon Toronto,Canada,912,312
fb433d92-4362-41cd-b2d3-fa51efa94dca,Ergonomic Concrete Shirt,The beautiful range of Apple Naturalé that has an exciting mix of natural ingredients. With the Goodness of 100% Natural Ingredients,CPN3 - Amazon Copenaghen,Denmark,329,93
fdede80d-0958-47fe-b4b4-1b9e0b6dab93,Incredible Steel Computer,The slim & simple Maple Gaming Keyboard from Dev Byte comes with a sleek body and 7- Color RGB LED Back-lighting for smart functionality,POZ1 - Amazon Sady,Poland,710,251
fdede80d-0958-47fe-b4b4-1b9e0b6dab93,Incredible Steel Computer,The slim & simple Maple Gaming Keyboard from Dev Byte comes with a sleek body and 7- Color RGB LED Back-lighting for smart functionality,DUB19 - Amazon Dublin,Ireland,321,93
fdede80d-0958-47fe-b4b4-1b9e0b6dab93,Incredible Steel Computer,The slim & simple Maple Gaming Keyboard from Dev Byte comes with a sleek body and 7- Color RGB LED Back-lighting for smart functionality,SAD1 - Amazon San Diego,United States of America,841,308
fdede80d-0958-47fe-b4b4-1b9e0b6dab93,Incredible Steel Computer,The slim & simple Maple Gaming Keyboard from Dev Byte comes with a sleek body and 7- Color RGB LED Back-lighting for smart functionality,CPT2 - Amazon Capetown,South Africa,238,83
fdede80d-0958-47fe-b4b4-1b9e0b6dab93,Incredible Steel Computer,The slim & simple Maple Gaming Keyboard from Dev Byte comes with a sleek body and 7- Color RGB LED Back-lighting for smart functionality,LAS7 - Amazon Las Vegas,United States of America,664,306
fdede80d-0958-47fe-b4b4-1b9e0b6dab93,Incredible Steel Computer,The slim & simple Maple Gaming Keyboard from Dev Byte comes with a sleek body and 7- Color RGB LED Back-lighting for smart functionality,DUS2 - Amazon Rheinberg,Germany,281,120
ffbaaffc-c403-499b-ab5e-e45141341a90,Ergonomic Soft Hat,"Andy shoes are designed to keeping in mind durability as well as trends, the most stylish range of shoes & sandals",SAP1 - Amazon San Paolo,Brasil,796,309
ffbaaffc-c403-499b-ab5e-e45141341a90,Ergonomic Soft Hat,"Andy shoes are designed to keeping in mind durability as well as trends, the most stylish range of shoes & sandals",ZRH13 - Amazon Zurich,Switzerland,345,94
ffbaaffc-c403-499b-ab5e-e45141341a90,Ergonomic Soft Hat,"Andy shoes are designed to keeping in mind durability as well as trends, the most stylish range of shoes & sandals",MIS1 - Amazon Mississauga,Canada,285,126
ffbaaffc-c403-499b-ab5e-e45141341a90,Ergonomic Soft Hat,"Andy shoes are designed to keeping in mind durability as well as trends, the most stylish range of shoes & sandals",LIS3 - Amazon Lisbon,Portugal,752,261
ffbaaffc-c403-499b-ab5e-e45141341a90,Ergonomic Soft Hat,"Andy shoes are designed to keeping in mind durability as well as trends, the most stylish range of shoes & sandals",CWL1 - Amazon Swansea,United Kingdom,885,297
ffbaaffc-c403-499b-ab5e-e45141341a90,Ergonomic Soft Hat,"Andy shoes are designed to keeping in mind durability as well as trends, the most stylish range of shoes & sandals",HOU2 - Amazon Houston,United States of America,180,103
